-- phpMyAdmin SQL Dump
-- version 3.4.10.1
-- http://www.phpmyadmin.net
--
-- 主机: localhost
-- 生成日期: 2015 年 11 月 27 日 08:56
-- 服务器版本: 5.5.20
-- PHP 版本: 5.3.10

SET SQL_MODE="NO_AUTO_VALUE_ON_ZERO";
SET time_zone = "+00:00";


/*!40101 SET @OLD_CHARACTER_SET_CLIENT=@@CHARACTER_SET_CLIENT */;
/*!40101 SET @OLD_CHARACTER_SET_RESULTS=@@CHARACTER_SET_RESULTS */;
/*!40101 SET @OLD_COLLATION_CONNECTION=@@COLLATION_CONNECTION */;
/*!40101 SET NAMES utf8 */;

--
-- 数据库: `cacchiato`
--

-- --------------------------------------------------------

--
-- 表的结构 `administrator`
--

CREATE TABLE IF NOT EXISTS `administrator` (
  `ID` int(11) NOT NULL AUTO_INCREMENT,
  `UserName` varchar(254) DEFAULT NULL,
  `Password` varchar(254) DEFAULT NULL,
  `CheckID` varchar(254) DEFAULT NULL,
  PRIMARY KEY (`ID`)
) ENGINE=InnoDB  DEFAULT CHARSET=utf8 AUTO_INCREMENT=3 ;

--
-- 转存表中的数据 `administrator`
--

INSERT INTO `administrator` (`ID`, `UserName`, `Password`, `CheckID`) VALUES
(1, 'BMW730', '4297f44b13955235245b2497399d7a93', '82e85a4db2be6d78fb6644276bd4505e'),
(2, 'macchiato', '4297f44b13955235245b2497399d7a93', '75af13ddf1523ea0eb3e88ab9bec2893');

-- --------------------------------------------------------

--
-- 表的结构 `cake`
--

CREATE TABLE IF NOT EXISTS `cake` (
  `ID` int(11) NOT NULL AUTO_INCREMENT,
  `Name` varchar(254) DEFAULT NULL,
  `OneClass` varchar(254) DEFAULT NULL,
  `TwoClass` varchar(254) DEFAULT NULL,
  `Price` varchar(254) DEFAULT NULL,
  `PromotionPrice` varchar(254) DEFAULT NULL,
  `Details` varchar(254) DEFAULT NULL,
  `Promotion` varchar(254) DEFAULT NULL,
  `Hot` varchar(254) DEFAULT NULL,
  `UpdateTime` timestamp NULL DEFAULT CURRENT_TIMESTAMP ON UPDATE CURRENT_TIMESTAMP,
  `Number` varchar(45) DEFAULT NULL,
  `Order` text,
  `Ordershow` varchar(10) DEFAULT NULL,
  PRIMARY KEY (`ID`)
) ENGINE=InnoDB  DEFAULT CHARSET=utf8 AUTO_INCREMENT=97 ;

--
-- 转存表中的数据 `cake`
--

INSERT INTO `cake` (`ID`, `Name`, `OneClass`, `TwoClass`, `Price`, `PromotionPrice`, `Details`, `Promotion`, `Hot`, `UpdateTime`, `Number`, `Order`, `Ordershow`) VALUES
(8, '冷点蛋糕', '2', '5', '111', '', '', '', '', '2014-12-05 06:11:54', 'DFFDSD', '', ''),
(16, '爱心蛋糕', '1', '1', '26', '', '', '', '', '2014-12-10 02:12:36', 'DFSFSD', '', ''),
(23, '千层蛋糕', '1', '2', '123', '100', '好吃', 'Yes', 'Yes', '2014-12-15 07:54:24', 'AKJIUH', '请提前24小时预约', '1'),
(24, '芒果蛋糕', '1', '1', '39', '', '', '', '', '2015-01-08 06:19:56', 'FDIJFO', '可以随时预约哦！', '1'),
(25, '草莓蛋糕', '1', '1', '45', '', '蛋糕是一种古老的西点，一般是由烤箱制作的，蛋糕是用鸡蛋、白糖、小麦粉为主要原料。以牛奶、果汁、奶粉、香粉、色拉油、水，起酥油、泡打粉为辅料。经过搅拌、调制、烘烤后制成一种像海绵的点心。', '', '', '2015-01-08 06:19:51', 'DFFGF', '', ''),
(26, '脆脆曲奇', '3', '8', '33', '', '3', '', 'Yes', '2014-12-25 05:13:40', 'DFDFS', '', ''),
(27, '草莓饼干', '2', '6', '51', '20', '松脆', 'Yes', '', '2014-12-10 02:16:34', 'SDFSD', '24小时内', '1'),
(28, '美味曲奇1', '3', '7', '54', '', '', '', '', '2015-01-13 02:56:40', 'FGSDFSB', '', ''),
(29, '原味蛋糕', '1', '3', '123', '', '', '', '', '2014-12-10 02:21:02', 'JGJGH', '', ''),
(30, '抹茶蛋糕', '1', '4', '452', '', '蛋糕是一种古老的西点，一般是由烤箱制作的，蛋糕是用鸡蛋、白糖、小麦粉为主要原料。以牛奶、果汁、奶粉、香粉、色拉油、水，起酥油、泡打粉为辅料。经过搅拌、调制、烘烤后制成一种像海绵的点心。', '', 'Yes', '2014-12-11 04:35:26', 'kkkk', '', ''),
(45, '千层派', '', '5', '123', '52', '', '', '', '2015-01-13 03:33:51', 'JHU', '', ''),
(46, '果冻', '2', '5', '45', '', '', '', '', '2014-12-10 10:11:56', 'DFSDFSD', '', ''),
(47, '黑深林', '2', '6', '55', '', '', '', '', '2014-12-10 10:12:44', 'DSDFSDF', '24小时', '1'),
(48, '布丁', '2', '5', '50', '', '', '', '', '2014-12-10 10:13:32', 'LJOIHKL', '', ''),
(49, '水果曲奇1', '3', '7', '60', '20', '', '', 'Yes', '2015-01-13 03:34:26', 'KHKJIUB', '', ''),
(50, '魔幻曲奇', '3', '7', '60', '', '', '', 'Yes', '2014-12-11 03:09:12', 'LJOIIH', '', ''),
(51, '巧克力曲奇', '3', '7', '42', '', '', '', '', '2014-12-11 03:10:08', 'KJHIL', '', ''),
(52, '什锦曲奇1', '', '7', '60', '', '手工曲奇是世界上最受欢迎的食品之一，尽管不同的曲奇各有特色，\r\n曲奇\r\n曲奇(14张)\r\n它们的做法却大同小异，都是用水来使底饼变得尽可能薄并能允许泡泡出现。而且在之后会加入大量的牛油和蛋，然后将其烘干，使泡泡饱和而让蛋中的少量水份逃离。这个饱和过程制造了曲奇最吸引人的特性，就是爽快的口感。', '', 'Yes', '2015-01-13 02:54:16', 'LJIHIHIOB', '', ''),
(53, '水果月饼', '3', '8', '458', '', '', '', '', '2014-12-11 03:17:10', 'KHUIH', '', ''),
(54, '冰皮月饼', '3', '8', '700', '', '', '', '', '2014-12-11 03:18:04', 'KJHK', '', ''),
(55, '双皮奶', '2', '5', '54', '', '', '', '', '2014-12-11 03:18:54', 'LKJIOJO', '', ''),
(56, '糯米糍', '2', '6', '21', '', '', '', '', '2014-12-11 03:19:35', 'LJOIIOH', '', ''),
(57, '马卡龙', '2', '6', '30', '', '', '', '', '2014-12-29 07:08:36', 'KLJO', '', ''),
(58, '巧克力蛋糕', '1', '2', '150', '', '蛋糕是一种古老的西点，一般是由烤箱制作的，蛋糕是用鸡蛋、白糖、小麦粉为主要原料。以牛奶、果汁、奶粉、香粉、色拉油、水，起酥油、泡打粉为辅料。经过搅拌、调制、烘烤后制成一种像海绵的点心。', '', '', '2014-12-11 04:40:05', 'JGHKJHG', '', ''),
(59, '1200蛋糕', '1', '2', '200', '', '', '', '', '2014-12-15 07:50:16', 'JHGJK', '', ''),
(60, '400蛋糕', '1', '2', '200', '', '', '', '', '2014-12-15 07:50:26', 'JGUJJGK', '', ''),
(61, '什锦蛋糕', '1', '2', '250', '', '', '', '', '2014-12-15 07:54:13', 'KHKJHK', '', ''),
(62, '小大小大', '1', '2', '190', '', '', '', '', '2014-12-15 07:55:21', 'JHKJH', '', ''),
(63, '长小方长小方', '1', '2', '54', '', '', '', '', '2014-12-15 08:09:36', 'KHIJ', '', ''),
(64, '长大方长大方', '1', '2', '52', '', '', '', '', '2014-12-15 08:14:35', 'KHIIHI', '', ''),
(65, 'Cakeone', '1', '1', '200', '', '', '', '', '2014-12-16 02:34:02', 'JKHGK', '', ''),
(66, 'Caketwo', '1', '1', '200', '', '', '', '', '2014-12-16 03:46:22', 'KHIIKH', '', ''),
(67, 'Cakethree', '1', '1', '2500', '', '', '', '', '2014-12-16 03:47:00', 'LJLIJOIJO', '', ''),
(68, 'Cakefour', '1', '1', '210', '', '', '', '', '2014-12-16 03:47:37', 'LKJKHUK', '', ''),
(69, 'Cakefive', '1', '1', '250', '200', '', 'Yes', 'Yes', '2015-01-13 09:59:51', 'KHIOIH', '', ''),
(70, '即将上市', '1', '3', '53', '', '', '', '', '2014-12-29 06:54:16', '即将上市', '', ''),
(71, 'Caketwo方', '1', '1', '200', '150', '', 'Yes', 'Yes', '2015-01-13 10:00:23', 'JGHUJ', 'gsdd', ''),
(92, 'original', '1', '9', '150', '100', '', 'Yes', 'Yes', '2014-12-29 07:09:19', 'A_0001', '', ''),
(93, 'normal', '1', '9', '150', '100', '', 'Yes', 'Yes', '2014-12-29 07:09:11', 'B_0001', '', ''),
(94, 'square', '1', '9', '150', '100', '', 'Yes', 'Yes', '2015-01-13 04:00:07', 'C_0001', '', ''),
(95, '奶冻原味', '2', '5', '38', '', '', '', '', '2015-01-06 07:02:23', 'A_0001', '', ''),
(96, '速度粉丝', '1', '1', '234', '', '大方的撒发的说法', '', '', '2015-01-12 10:47:26', 'FDSDF', '', '');

-- --------------------------------------------------------

--
-- 表的结构 `cart`
--

CREATE TABLE IF NOT EXISTS `cart` (
  `ID` bigint(20) NOT NULL AUTO_INCREMENT,
  `CakeID` varchar(254) DEFAULT NULL,
  `Quantity` varchar(254) DEFAULT '1',
  `CreateTime` varchar(200) DEFAULT NULL,
  `UserID` varchar(254) DEFAULT NULL,
  `UpdateTime` timestamp NOT NULL DEFAULT CURRENT_TIMESTAMP ON UPDATE CURRENT_TIMESTAMP,
  PRIMARY KEY (`ID`)
) ENGINE=InnoDB  DEFAULT CHARSET=utf8 AUTO_INCREMENT=578 ;

--
-- 转存表中的数据 `cart`
--

INSERT INTO `cart` (`ID`, `CakeID`, `Quantity`, `CreateTime`, `UserID`, `UpdateTime`) VALUES
(1, '23', '3', '2014-12-03 17:14:56', '5cf7fd6279979c045ec9b17ce0188be11417579230', '2014-12-08 05:59:51'),
(4, '24', '1', '2014-12-05 14:30:16', '5cf7fd6279979c045ec9b17ce0188be11417579230', '2014-12-05 06:30:16'),
(18, '25', '1', '2014-12-08 13:59:09', '5cf7fd6279979c045ec9b17ce0188be11417579230', '2014-12-08 05:59:09'),
(19, '25', '3', '2014-12-09 18:14:14', 'ba51dc0aceca01e5aa8a4c59974cc97c1418119427', '2014-12-09 10:14:14'),
(20, '23', '1', '2014-12-09 18:14:40', 'ba51dc0aceca01e5aa8a4c59974cc97c1418119427', '2014-12-09 10:14:40'),
(31, '25', '6', NULL, '', '2014-12-10 02:52:33'),
(35, '23', '2', NULL, 'e48dd3eec39aa3f7f37f942fb66484121417675668', '2014-12-23 11:07:13'),
(39, '23', '4', NULL, '82695eded126f099db0023fecf20135e1416986565', '2014-12-11 04:23:54'),
(51, '28', '1', NULL, '9a196d5874bc74dc4f336a5f18f175391417750596', '2014-12-11 04:14:53'),
(66, '24', '1', NULL, '2344b9a80dfe1a8711beb667a0ba0b201418721400', '2014-12-16 11:09:49'),
(72, '25', '1', NULL, '2344b9a80dfe1a8711beb667a0ba0b201418721400', '2014-12-18 11:35:06'),
(76, '71', '2', NULL, 'e48dd3eec39aa3f7f37f942fb66484121417675668', '2014-12-23 11:07:17'),
(82, '65', '2', NULL, '7a6d96021a65f43d46b2a42817faf4561419377775', '2014-12-24 14:12:25'),
(84, '71', '2', NULL, '7a6d96021a65f43d46b2a42817faf4561419377775', '2014-12-24 14:12:28'),
(95, '71', '3', NULL, 'ff6899b412181cf9a7fb045b2e6414531418606338', '2014-12-25 09:36:31'),
(97, '71', '3', NULL, '2344b9a80dfe1a8711beb667a0ba0b201418721400', '2014-12-25 04:07:52'),
(101, '66', '2', NULL, '57b7102b402c33bd332c0edc2c796a931417749501', '2014-12-25 06:19:38'),
(102, '23', '1', NULL, '57b7102b402c33bd332c0edc2c796a931417749501', '2014-12-25 06:19:19'),
(107, '71', '3', NULL, '5648de6936d7fa8e5d0aa0f647a131841416968174', '2014-12-26 08:36:20'),
(110, '68', '2', NULL, '509c07cf63ebf9c3efb131efd928e6ee1417490376', '2014-12-25 07:10:14'),
(112, '25', '1', NULL, '5648de6936d7fa8e5d0aa0f647a131841416968174', '2014-12-26 01:38:04'),
(113, '24', '1', NULL, '5648de6936d7fa8e5d0aa0f647a131841416968174', '2014-12-26 01:38:16'),
(114, '70', '4', NULL, '509c07cf63ebf9c3efb131efd928e6ee1417490376', '2014-12-26 01:46:21'),
(115, '69', '3', NULL, '6bc19779034243cfbd6537c4491359181417767951', '2014-12-26 05:25:37'),
(116, '23', '4', NULL, 'a60fd5b0e0636204734a7d360b382ab41418789005', '2014-12-26 08:20:11'),
(117, '69', '2', NULL, '5648de6936d7fa8e5d0aa0f647a131841416968174', '2014-12-26 08:35:02'),
(118, '69', '3', NULL, 'a60fd5b0e0636204734a7d360b382ab41418789005', '2014-12-26 08:48:40'),
(119, '8', '3', NULL, 'b9def3f30c49aafe613e5a8a719cb5601417239274', '2014-12-26 10:01:14'),
(120, '66', '41', NULL, '96622b3da2eb1db969a5c41984258db11417873970', '2014-12-29 08:16:26'),
(121, '23', '4', NULL, '96622b3da2eb1db969a5c41984258db11417873970', '2014-12-29 08:16:24'),
(122, '71', '1', NULL, '0f0c7252935201287f8a64cbc2037f6c1419663000', '2014-12-29 09:58:07'),
(123, '92', '1', NULL, '0f0c7252935201287f8a64cbc2037f6c1419663000', '2014-12-29 09:59:12'),
(124, '69', '1', NULL, '', '2014-12-30 03:22:36'),
(125, '71', '1', NULL, '', '2014-12-30 03:46:27'),
(131, '23', '9', NULL, '7653af42a020d256517176fde072a8a91420359398', '2015-01-05 06:52:06'),
(133, '23', '1', NULL, '1ac354420686eee301c405e302626fd41420426317', '2015-01-05 02:52:55'),
(135, '71', '3', NULL, '07aa0a824d4ab9b78ea938776dad3cbd1420429592', '2015-01-09 02:43:36'),
(136, '30', '1', NULL, '7653af42a020d256517176fde072a8a91420359398', '2015-01-05 03:55:24'),
(140, '8', '6', NULL, '7653af42a020d256517176fde072a8a91420359398', '2015-01-05 06:13:55'),
(141, '71', '1', NULL, '7653af42a020d256517176fde072a8a91420359398', '2015-01-05 05:49:04'),
(143, '23', '2', NULL, '863b0d2744d367b2b190a5c22637d98a1420437165', '2015-01-05 05:54:06'),
(154, '23', '2', NULL, 'd55dcb434f0010444f14a70ce07c43c71420423455', '2015-01-22 09:12:04'),
(155, '71', '1', NULL, '1d6e5d098508d0b02cbf0c9489ce5fc51420440031', '2015-01-05 06:41:25'),
(156, '24', '1', NULL, 'e22e8a7bb76e0d67c2cdd62af469c5d01420440215', '2015-01-05 06:44:11'),
(163, '71', '1', NULL, '8130f26dbad9f75444da7f38f343eb351420429891', '2015-01-06 01:29:32'),
(175, '95', '19', NULL, 'd6961dc916b85b3b89ef5bc976f39aa01420456851', '2015-01-06 07:35:43'),
(179, '69', '2', NULL, 'd272469c4f7ccd7936666cdaff5608f21420511926', '2015-01-14 23:06:16'),
(186, '45', '50', NULL, '07aa0a824d4ab9b78ea938776dad3cbd1420429592', '2015-01-09 03:22:59'),
(188, '71', '2', NULL, '3eeaae59fd257ef55ba5a5db70d8ad9c1420369460', '2015-01-10 07:45:27'),
(189, '49', '2', NULL, 'a065ce586614a0791e0172e7a602e1db1420875921', '2015-01-10 07:46:27'),
(190, '23', '4', NULL, '3eeaae59fd257ef55ba5a5db70d8ad9c1420369460', '2015-01-10 14:16:41'),
(199, '71', '1', NULL, '91947b330fc6dc7256e9bc55270218521421029803', '2015-01-12 12:33:57'),
(200, '93', '1', NULL, '91947b330fc6dc7256e9bc55270218521421029803', '2015-01-12 12:34:38'),
(201, '23', '3', NULL, '91947b330fc6dc7256e9bc55270218521421029803', '2015-01-14 07:25:46'),
(208, '65', '1', NULL, '226276a4cd82032a0437ee8e689ec8f91421147950', '2015-01-13 11:23:38'),
(209, '64', '1', NULL, 'a065ce586614a0791e0172e7a602e1db1420875921', '2015-01-14 02:49:08'),
(212, '95', '2', NULL, '91947b330fc6dc7256e9bc55270218521421029803', '2015-01-15 11:21:03'),
(214, '62', '1', NULL, 'b02c035853fa6e8faca5859accce763f1421393980', '2015-01-16 08:05:28'),
(217, '71', '10', NULL, 'f0ab7bf9a1e547ed48dbff146ff1f2be1419921874&#039;&quot;&gt;&lt;scRipt&gt;alert(98733)&lt;/sCript&gt;', '2015-01-27 01:19:01'),
(219, '71', '15', NULL, '${@print(md5(this_is_a_test_string))}', '2015-03-09 09:58:56'),
(221, '71', '15', NULL, 'print(md5(this_is_a_test_string));die();/*', '2015-03-09 09:59:12'),
(223, '71', '15', NULL, '/etc/passwd', '2015-03-09 09:53:04'),
(225, '71', '15', NULL, '../../../../../../../../etc/passwd', '2015-03-09 09:53:56'),
(227, '71', '15', NULL, '../../../../../../../../etc/passwd\0.jpg', '2015-03-09 09:54:18'),
(229, '71', '15', NULL, '../../../../../../../../../../etc/passwd%00', '2015-03-09 09:54:38'),
(231, '71', '15', NULL, '../../../../../../../../windows/win.ini', '2015-03-09 09:54:58'),
(233, '71', '15', NULL, '../../../../../../../../windows/win.ini\0.jpg', '2015-03-09 09:55:16'),
(234, '71', '4', NULL, '9a33394d4401682b273ea93043d3124b1421655212', '2015-01-19 08:20:16'),
(235, '63', '2', NULL, 'd55dcb434f0010444f14a70ce07c43c71420423455', '2015-01-22 09:12:02'),
(238, '65', '1', NULL, '9a33394d4401682b273ea93043d3124b1421655212', '2015-01-23 01:22:48'),
(261, '71', '1', NULL, 'a2dc099ca6916f30561dfdf2c5a0d3981420518302', '2015-01-27 07:23:16'),
(262, '55', '1', NULL, 'a2dc099ca6916f30561dfdf2c5a0d3981420518302', '2015-01-27 07:23:26'),
(272, '65', '1', NULL, 'fc7a814ffed1d41fd79bf52ed760f6c91422243278', '2015-02-06 09:06:19'),
(275, '71', '5', NULL, 'f0ab7bf9a1e547ed48dbff146ff1f2be1419921874).)[&quot;).&#039;&quot;(', '2015-02-09 10:58:23'),
(310, '71', '20', NULL, 'f0ab7bf9a1e547ed48dbff146ff1f2be1419921874&#039; UNION ALL SELECT CONCAT(0x716b756a71,0x4b5163596666574b5461,0x7170656b71)#', '2015-03-02 16:09:14'),
(311, '71', '20', NULL, 'f0ab7bf9a1e547ed48dbff146ff1f2be1419921874&#039; UNION ALL SELECT CONCAT(0x716b756a71,0x4b5163596666574b5461,0x7170656b71),NULL#', '2015-03-02 16:09:14'),
(312, '71', '20', NULL, 'f0ab7bf9a1e547ed48dbff146ff1f2be1419921874&#039; UNION ALL SELECT NULL,CONCAT(0x716b756a71,0x4b5163596666574b5461,0x7170656b71)#', '2015-03-02 16:09:14'),
(313, '71', '20', NULL, 'f0ab7bf9a1e547ed48dbff146ff1f2be1419921874&#039; UNION ALL SELECT CONCAT(0x716b756a71,0x4b5163596666574b5461,0x7170656b71),NULL,NULL#', '2015-03-02 16:09:14'),
(314, '71', '20', NULL, 'f0ab7bf9a1e547ed48dbff146ff1f2be1419921874&#039; UNION ALL SELECT NULL,CONCAT(0x716b756a71,0x4b5163596666574b5461,0x7170656b71),NULL#', '2015-03-02 16:09:14'),
(315, '71', '20', NULL, 'f0ab7bf9a1e547ed48dbff146ff1f2be1419921874&#039; UNION ALL SELECT NULL,NULL,CONCAT(0x716b756a71,0x4b5163596666574b5461,0x7170656b71)#', '2015-03-02 16:09:14'),
(316, '71', '20', NULL, 'f0ab7bf9a1e547ed48dbff146ff1f2be1419921874&#039; UNION ALL SELECT CONCAT(0x716b756a71,0x4b5163596666574b5461,0x7170656b71),NULL,NULL,NULL#', '2015-03-02 16:09:14'),
(317, '71', '20', NULL, 'f0ab7bf9a1e547ed48dbff146ff1f2be1419921874&#039; UNION ALL SELECT NULL,CONCAT(0x716b756a71,0x4b5163596666574b5461,0x7170656b71),NULL,NULL#', '2015-03-02 16:09:14'),
(318, '71', '20', NULL, 'f0ab7bf9a1e547ed48dbff146ff1f2be1419921874&#039; UNION ALL SELECT NULL,NULL,CONCAT(0x716b756a71,0x4b5163596666574b5461,0x7170656b71),NULL#', '2015-03-02 16:09:14'),
(319, '71', '20', NULL, 'f0ab7bf9a1e547ed48dbff146ff1f2be1419921874&#039; UNION ALL SELECT NULL,NULL,NULL,CONCAT(0x716b756a71,0x4b5163596666574b5461,0x7170656b71)#', '2015-03-02 16:09:14'),
(320, '71', '20', NULL, 'f0ab7bf9a1e547ed48dbff146ff1f2be1419921874&#039; UNION ALL SELECT CONCAT(0x716b756a71,0x4b5163596666574b5461,0x7170656b71),NULL,NULL,NULL,NULL#', '2015-03-02 16:09:15'),
(321, '71', '20', NULL, 'f0ab7bf9a1e547ed48dbff146ff1f2be1419921874&#039; UNION ALL SELECT NULL,CONCAT(0x716b756a71,0x4b5163596666574b5461,0x7170656b71),NULL,NULL,NULL#', '2015-03-02 16:09:15'),
(322, '71', '20', NULL, 'f0ab7bf9a1e547ed48dbff146ff1f2be1419921874&#039; UNION ALL SELECT NULL,NULL,CONCAT(0x716b756a71,0x4b5163596666574b5461,0x7170656b71),NULL,NULL#', '2015-03-02 16:09:15'),
(323, '71', '20', NULL, 'f0ab7bf9a1e547ed48dbff146ff1f2be1419921874&#039; UNION ALL SELECT NULL,NULL,NULL,CONCAT(0x716b756a71,0x4b5163596666574b5461,0x7170656b71),NULL#', '2015-03-02 16:09:15'),
(324, '71', '20', NULL, 'f0ab7bf9a1e547ed48dbff146ff1f2be1419921874&#039; UNION ALL SELECT NULL,NULL,NULL,NULL,CONCAT(0x716b756a71,0x4b5163596666574b5461,0x7170656b71)#', '2015-03-02 16:09:15'),
(325, '71', '20', NULL, 'f0ab7bf9a1e547ed48dbff146ff1f2be1419921874 AND SLEEP(5)', '2015-03-02 16:09:15'),
(326, '71', '20', NULL, 'f0ab7bf9a1e547ed48dbff146ff1f2be1419921874; SELECT PG_SLEEP(5)--', '2015-03-02 16:09:15'),
(327, '71', '20', NULL, 'f0ab7bf9a1e547ed48dbff146ff1f2be1419921874; SELECT SLEEP(5)-- ', '2015-03-02 16:09:15'),
(328, '71', '20', NULL, 'f0ab7bf9a1e547ed48dbff146ff1f2be1419921874 WAITFOR DELAY &#039;0:0:5&#039;--', '2015-03-02 16:09:15'),
(334, '71', '1', NULL, '76b70ecf8e50f69012f447505d708c361423815863', '2015-02-13 08:24:27'),
(342, '65', '1', NULL, '80c312bd7d52077e05dfe36ef23b37041424143468', '2015-02-17 03:24:30'),
(362, '65', '1', NULL, '8eef1f8c4964a5c3ee9b4dfc527cc2e81424159589', '2015-02-17 08:00:07'),
(391, '69', '2', NULL, '6ab4f754047d38aee9a9c66a2f40bdd21421027421', '2015-02-27 03:34:32'),
(393, '65', '1', NULL, '7e0ace0722ef9264d6e6bd456415eba21424828816', '2015-02-26 10:45:13'),
(423, '71', '5', NULL, 'f0ab7bf9a1e547ed48dbff146ff1f2be1419921874[]]&quot;&#039;,.&quot;()', '2015-03-02 13:20:08'),
(459, '71', '5', NULL, 'f0ab7bf9a1e547ed48dbff146ff1f2be1419921874()(],&#039;])]]', '2015-03-02 14:42:17'),
(461, '71', '5', NULL, 'f0ab7bf9a1e547ed48dbff146ff1f2be1419921874..[.](&#039;[,)', '2015-03-02 16:09:08'),
(470, '65', '4', NULL, '4d3f421c343c8f691d67a5147f0e515f1425029532', '2015-03-03 07:02:32'),
(473, '65', '2', NULL, 'c27f19b62730a1e1db4a51f9c6c617391425372233', '2015-03-03 08:45:13'),
(484, '71', '5', NULL, '&#039;&quot;&gt;&lt;scRipt&gt;alert(98733)&lt;/sCript&gt;', '2015-03-09 09:56:54'),
(490, '65', '-49559', NULL, 'c4eff90dcd84b9a5efbfc2068d9f9c721425549334', '2015-03-23 08:45:53'),
(491, '65]&quot;&quot;]&#039;,]])]', '1', NULL, 'c4eff90dcd84b9a5efbfc2068d9f9c721425549334', '2015-03-23 08:29:43'),
(492, '65', '1', NULL, 'c4eff90dcd84b9a5efbfc2068d9f9c721425549334[,,[&quot;&#039;&quot;[[(', '2015-03-23 08:29:43'),
(493, '65&#039; UNION ALL SELECT CONCAT(0x716b756a71,0x4b5163596666574b5461,0x7170656b71)#', '1', NULL, 'c4eff90dcd84b9a5efbfc2068d9f9c721425549334', '2015-03-23 08:30:12'),
(494, '65&#039; UNION ALL SELECT CONCAT(0x716b756a71,0x4b5163596666574b5461,0x7170656b71),NULL#', '1', NULL, 'c4eff90dcd84b9a5efbfc2068d9f9c721425549334', '2015-03-23 08:30:13'),
(495, '65&#039; UNION ALL SELECT NULL,CONCAT(0x716b756a71,0x4b5163596666574b5461,0x7170656b71)#', '1', NULL, 'c4eff90dcd84b9a5efbfc2068d9f9c721425549334', '2015-03-23 08:30:13'),
(496, '65&#039; UNION ALL SELECT CONCAT(0x716b756a71,0x4b5163596666574b5461,0x7170656b71),NULL,NULL#', '1', NULL, 'c4eff90dcd84b9a5efbfc2068d9f9c721425549334', '2015-03-23 08:30:14'),
(497, '65&#039; UNION ALL SELECT NULL,CONCAT(0x716b756a71,0x4b5163596666574b5461,0x7170656b71),NULL#', '1', NULL, 'c4eff90dcd84b9a5efbfc2068d9f9c721425549334', '2015-03-23 08:30:14'),
(498, '65&#039; UNION ALL SELECT NULL,NULL,CONCAT(0x716b756a71,0x4b5163596666574b5461,0x7170656b71)#', '1', NULL, 'c4eff90dcd84b9a5efbfc2068d9f9c721425549334', '2015-03-23 08:30:15'),
(499, '65&#039; UNION ALL SELECT CONCAT(0x716b756a71,0x4b5163596666574b5461,0x7170656b71),NULL,NULL,NULL#', '1', NULL, 'c4eff90dcd84b9a5efbfc2068d9f9c721425549334', '2015-03-23 08:30:15'),
(500, '65&#039; UNION ALL SELECT NULL,CONCAT(0x716b756a71,0x4b5163596666574b5461,0x7170656b71),NULL,NULL#', '1', NULL, 'c4eff90dcd84b9a5efbfc2068d9f9c721425549334', '2015-03-23 08:30:16'),
(501, '65&#039; UNION ALL SELECT NULL,NULL,CONCAT(0x716b756a71,0x4b5163596666574b5461,0x7170656b71),NULL#', '1', NULL, 'c4eff90dcd84b9a5efbfc2068d9f9c721425549334', '2015-03-23 08:30:16'),
(502, '65&#039; UNION ALL SELECT NULL,NULL,NULL,CONCAT(0x716b756a71,0x4b5163596666574b5461,0x7170656b71)#', '1', NULL, 'c4eff90dcd84b9a5efbfc2068d9f9c721425549334', '2015-03-23 08:30:17'),
(503, '65&#039; UNION ALL SELECT CONCAT(0x716b756a71,0x4b5163596666574b5461,0x7170656b71),NULL,NULL,NULL,NULL#', '1', NULL, 'c4eff90dcd84b9a5efbfc2068d9f9c721425549334', '2015-03-23 08:30:17'),
(504, '65&#039; UNION ALL SELECT NULL,CONCAT(0x716b756a71,0x4b5163596666574b5461,0x7170656b71),NULL,NULL,NULL#', '1', NULL, 'c4eff90dcd84b9a5efbfc2068d9f9c721425549334', '2015-03-23 08:30:18'),
(505, '65&#039; UNION ALL SELECT NULL,NULL,CONCAT(0x716b756a71,0x4b5163596666574b5461,0x7170656b71),NULL,NULL#', '1', NULL, 'c4eff90dcd84b9a5efbfc2068d9f9c721425549334', '2015-03-23 08:30:18'),
(506, '65&#039; UNION ALL SELECT NULL,NULL,NULL,CONCAT(0x716b756a71,0x4b5163596666574b5461,0x7170656b71),NULL#', '1', NULL, 'c4eff90dcd84b9a5efbfc2068d9f9c721425549334', '2015-03-23 08:30:19'),
(507, '65&#039; UNION ALL SELECT NULL,NULL,NULL,NULL,CONCAT(0x716b756a71,0x4b5163596666574b5461,0x7170656b71)#', '1', NULL, 'c4eff90dcd84b9a5efbfc2068d9f9c721425549334', '2015-03-23 08:30:19'),
(508, '-3306 UNION ALL SELECT CONCAT(0x716b756a71,0x4b5163596666574b5461,0x7170656b71)#', '1', NULL, 'c4eff90dcd84b9a5efbfc2068d9f9c721425549334', '2015-03-23 08:30:20'),
(509, '-3306 UNION ALL SELECT CONCAT(0x716b756a71,0x4b5163596666574b5461,0x7170656b71),NULL#', '1', NULL, 'c4eff90dcd84b9a5efbfc2068d9f9c721425549334', '2015-03-23 08:30:20'),
(510, '-3306 UNION ALL SELECT NULL,CONCAT(0x716b756a71,0x4b5163596666574b5461,0x7170656b71)#', '1', NULL, 'c4eff90dcd84b9a5efbfc2068d9f9c721425549334', '2015-03-23 08:30:21'),
(511, '-3306 UNION ALL SELECT CONCAT(0x716b756a71,0x4b5163596666574b5461,0x7170656b71),NULL,NULL#', '1', NULL, 'c4eff90dcd84b9a5efbfc2068d9f9c721425549334', '2015-03-23 08:30:21'),
(512, '-3306 UNION ALL SELECT NULL,CONCAT(0x716b756a71,0x4b5163596666574b5461,0x7170656b71),NULL#', '1', NULL, 'c4eff90dcd84b9a5efbfc2068d9f9c721425549334', '2015-03-23 08:30:22'),
(513, '-3306 UNION ALL SELECT NULL,NULL,CONCAT(0x716b756a71,0x4b5163596666574b5461,0x7170656b71)#', '1', NULL, 'c4eff90dcd84b9a5efbfc2068d9f9c721425549334', '2015-03-23 08:30:22'),
(514, '-3306 UNION ALL SELECT CONCAT(0x716b756a71,0x4b5163596666574b5461,0x7170656b71),NULL,NULL,NULL#', '1', NULL, 'c4eff90dcd84b9a5efbfc2068d9f9c721425549334', '2015-03-23 08:30:23'),
(515, '-3306 UNION ALL SELECT NULL,CONCAT(0x716b756a71,0x4b5163596666574b5461,0x7170656b71),NULL,NULL#', '1', NULL, 'c4eff90dcd84b9a5efbfc2068d9f9c721425549334', '2015-03-23 08:30:24'),
(516, '-3306 UNION ALL SELECT NULL,NULL,CONCAT(0x716b756a71,0x4b5163596666574b5461,0x7170656b71),NULL#', '1', NULL, 'c4eff90dcd84b9a5efbfc2068d9f9c721425549334', '2015-03-23 08:30:24'),
(517, '-3306 UNION ALL SELECT NULL,NULL,NULL,CONCAT(0x716b756a71,0x4b5163596666574b5461,0x7170656b71)#', '1', NULL, 'c4eff90dcd84b9a5efbfc2068d9f9c721425549334', '2015-03-23 08:30:25'),
(518, '-3306 UNION ALL SELECT CONCAT(0x716b756a71,0x4b5163596666574b5461,0x7170656b71),NULL,NULL,NULL,NULL#', '1', NULL, 'c4eff90dcd84b9a5efbfc2068d9f9c721425549334', '2015-03-23 08:30:25'),
(519, '-3306 UNION ALL SELECT NULL,CONCAT(0x716b756a71,0x4b5163596666574b5461,0x7170656b71),NULL,NULL,NULL#', '1', NULL, 'c4eff90dcd84b9a5efbfc2068d9f9c721425549334', '2015-03-23 08:30:26'),
(520, '-3306 UNION ALL SELECT NULL,NULL,CONCAT(0x716b756a71,0x4b5163596666574b5461,0x7170656b71),NULL,NULL#', '1', NULL, 'c4eff90dcd84b9a5efbfc2068d9f9c721425549334', '2015-03-23 08:30:26'),
(521, '-3306 UNION ALL SELECT NULL,NULL,NULL,CONCAT(0x716b756a71,0x4b5163596666574b5461,0x7170656b71),NULL#', '1', NULL, 'c4eff90dcd84b9a5efbfc2068d9f9c721425549334', '2015-03-23 08:30:27'),
(522, '-3306 UNION ALL SELECT NULL,NULL,NULL,NULL,CONCAT(0x716b756a71,0x4b5163596666574b5461,0x7170656b71)#', '1', NULL, 'c4eff90dcd84b9a5efbfc2068d9f9c721425549334', '2015-03-23 08:30:27'),
(523, '65 AND SLEEP(5)', '1', NULL, 'c4eff90dcd84b9a5efbfc2068d9f9c721425549334', '2015-03-23 08:30:28'),
(524, '65; SELECT PG_SLEEP(5)--', '1', NULL, 'c4eff90dcd84b9a5efbfc2068d9f9c721425549334', '2015-03-23 08:30:28'),
(525, '65; SELECT SLEEP(5)-- ', '1', NULL, 'c4eff90dcd84b9a5efbfc2068d9f9c721425549334', '2015-03-23 08:30:29'),
(526, '65&#039;; SELECT SLEEP(5)-- ', '1', NULL, 'c4eff90dcd84b9a5efbfc2068d9f9c721425549334', '2015-03-23 08:30:29'),
(527, '65 WAITFOR DELAY &#039;0:0:5&#039;--', '1', NULL, 'c4eff90dcd84b9a5efbfc2068d9f9c721425549334', '2015-03-23 08:30:30'),
(528, '65', '1', NULL, 'c4eff90dcd84b9a5efbfc2068d9f9c721425549334&#039; UNION ALL SELECT CONCAT(0x716b756a71,0x4b5163596666574b5461,0x7170656b71)#', '2015-03-23 08:30:30'),
(529, '65', '1', NULL, 'c4eff90dcd84b9a5efbfc2068d9f9c721425549334&#039; UNION ALL SELECT CONCAT(0x716b756a71,0x4b5163596666574b5461,0x7170656b71),NULL#', '2015-03-23 08:30:31'),
(530, '65', '1', NULL, 'c4eff90dcd84b9a5efbfc2068d9f9c721425549334&#039; UNION ALL SELECT NULL,CONCAT(0x716b756a71,0x4b5163596666574b5461,0x7170656b71)#', '2015-03-23 08:30:31'),
(531, '65', '1', NULL, 'c4eff90dcd84b9a5efbfc2068d9f9c721425549334&#039; UNION ALL SELECT CONCAT(0x716b756a71,0x4b5163596666574b5461,0x7170656b71),NULL,NULL#', '2015-03-23 08:30:32'),
(532, '65', '1', NULL, 'c4eff90dcd84b9a5efbfc2068d9f9c721425549334&#039; UNION ALL SELECT NULL,CONCAT(0x716b756a71,0x4b5163596666574b5461,0x7170656b71),NULL#', '2015-03-23 08:30:32'),
(533, '65', '1', NULL, 'c4eff90dcd84b9a5efbfc2068d9f9c721425549334&#039; UNION ALL SELECT NULL,NULL,CONCAT(0x716b756a71,0x4b5163596666574b5461,0x7170656b71)#', '2015-03-23 08:30:33'),
(534, '65', '1', NULL, 'c4eff90dcd84b9a5efbfc2068d9f9c721425549334&#039; UNION ALL SELECT CONCAT(0x716b756a71,0x4b5163596666574b5461,0x7170656b71),NULL,NULL,NULL#', '2015-03-23 08:30:33'),
(535, '65', '1', NULL, 'c4eff90dcd84b9a5efbfc2068d9f9c721425549334&#039; UNION ALL SELECT NULL,CONCAT(0x716b756a71,0x4b5163596666574b5461,0x7170656b71),NULL,NULL#', '2015-03-23 08:30:34'),
(536, '65', '1', NULL, 'c4eff90dcd84b9a5efbfc2068d9f9c721425549334&#039; UNION ALL SELECT NULL,NULL,CONCAT(0x716b756a71,0x4b5163596666574b5461,0x7170656b71),NULL#', '2015-03-23 08:30:35'),
(537, '65', '1', NULL, 'c4eff90dcd84b9a5efbfc2068d9f9c721425549334&#039; UNION ALL SELECT NULL,NULL,NULL,CONCAT(0x716b756a71,0x4b5163596666574b5461,0x7170656b71)#', '2015-03-23 08:30:35'),
(538, '65', '1', NULL, 'c4eff90dcd84b9a5efbfc2068d9f9c721425549334&#039; UNION ALL SELECT CONCAT(0x716b756a71,0x4b5163596666574b5461,0x7170656b71),NULL,NULL,NULL,NULL#', '2015-03-23 08:30:36'),
(539, '65', '1', NULL, 'c4eff90dcd84b9a5efbfc2068d9f9c721425549334&#039; UNION ALL SELECT NULL,CONCAT(0x716b756a71,0x4b5163596666574b5461,0x7170656b71),NULL,NULL,NULL#', '2015-03-23 08:30:36'),
(540, '65', '1', NULL, 'c4eff90dcd84b9a5efbfc2068d9f9c721425549334&#039; UNION ALL SELECT NULL,NULL,CONCAT(0x716b756a71,0x4b5163596666574b5461,0x7170656b71),NULL,NULL#', '2015-03-23 08:30:37'),
(541, '65', '1', NULL, 'c4eff90dcd84b9a5efbfc2068d9f9c721425549334&#039; UNION ALL SELECT NULL,NULL,NULL,CONCAT(0x716b756a71,0x4b5163596666574b5461,0x7170656b71),NULL#', '2015-03-23 08:30:37'),
(542, '65', '1', NULL, 'c4eff90dcd84b9a5efbfc2068d9f9c721425549334&#039; UNION ALL SELECT NULL,NULL,NULL,NULL,CONCAT(0x716b756a71,0x4b5163596666574b5461,0x7170656b71)#', '2015-03-23 08:30:38'),
(543, '65', '1', NULL, 'c4eff90dcd84b9a5efbfc2068d9f9c721425549334 AND SLEEP(5)', '2015-03-23 08:30:38'),
(544, '65', '1', NULL, 'c4eff90dcd84b9a5efbfc2068d9f9c721425549334; SELECT PG_SLEEP(5)--', '2015-03-23 08:30:39'),
(545, '65', '1', NULL, 'c4eff90dcd84b9a5efbfc2068d9f9c721425549334; SELECT SLEEP(5)-- ', '2015-03-23 08:30:39'),
(546, '65', '1', NULL, 'c4eff90dcd84b9a5efbfc2068d9f9c721425549334&#039;; SELECT SLEEP(5)-- ', '2015-03-23 08:30:40'),
(547, '65', '1', NULL, 'c4eff90dcd84b9a5efbfc2068d9f9c721425549334 WAITFOR DELAY &#039;0:0:5&#039;--', '2015-03-23 08:30:40'),
(548, '/etc/passwd', '1', NULL, 'c4eff90dcd84b9a5efbfc2068d9f9c721425549334', '2015-03-23 08:42:28'),
(549, '65', '1', NULL, '/etc/passwd', '2015-03-23 08:42:31'),
(550, '../../../../../../../../etc/passwd', '1', NULL, 'c4eff90dcd84b9a5efbfc2068d9f9c721425549334', '2015-03-23 08:42:36'),
(551, '65', '1', NULL, '../../../../../../../../etc/passwd', '2015-03-23 08:42:45'),
(552, '../../../../../../../../etc/passwd\0.jpg', '1', NULL, 'c4eff90dcd84b9a5efbfc2068d9f9c721425549334', '2015-03-23 08:43:12'),
(553, '65', '1', NULL, '../../../../../../../../etc/passwd\0.jpg', '2015-03-23 08:44:24'),
(554, '../../../../../../../../../../etc/passwd%00', '1', NULL, 'c4eff90dcd84b9a5efbfc2068d9f9c721425549334', '2015-03-23 08:44:43'),
(555, '65', '1', NULL, '../../../../../../../../../../etc/passwd%00', '2015-03-23 08:44:43'),
(556, '../../../../../../../../windows/win.ini', '1', NULL, 'c4eff90dcd84b9a5efbfc2068d9f9c721425549334', '2015-03-23 08:44:51'),
(557, '65', '1', NULL, '../../../../../../../../windows/win.ini', '2015-03-23 08:44:53'),
(558, '../../../../../../../../windows/win.ini\0.jpg', '1', NULL, 'c4eff90dcd84b9a5efbfc2068d9f9c721425549334', '2015-03-23 08:44:56'),
(559, '65', '1', NULL, '../../../../../../../../windows/win.ini\0.jpg', '2015-03-23 08:44:58'),
(560, '&#039;&quot;&gt;&lt;scRipt&gt;alert(98733)&lt;/sCript&gt;', '1', NULL, 'c4eff90dcd84b9a5efbfc2068d9f9c721425549334', '2015-03-23 08:46:26'),
(561, '65', '1', NULL, '&#039;&quot;&gt;&lt;scRipt&gt;alert(98733)&lt;/sCript&gt;', '2015-03-23 08:46:27'),
(562, '${@print(md5(this_is_a_test_string))}', '1', NULL, 'c4eff90dcd84b9a5efbfc2068d9f9c721425549334', '2015-03-23 08:46:59'),
(563, '65', '1', NULL, '${@print(md5(this_is_a_test_string))}', '2015-03-23 08:47:00'),
(564, 'print(md5(this_is_a_test_string));die();/*', '1', NULL, 'c4eff90dcd84b9a5efbfc2068d9f9c721425549334', '2015-03-23 08:47:07'),
(565, '65', '1', NULL, 'print(md5(this_is_a_test_string));die();/*', '2015-03-23 08:47:10'),
(570, '65', '1', NULL, '89e72af06d06c283f69410c00b35b4701427189717', '2015-03-24 09:38:26'),
(572, '71', '1', NULL, 'd2aa3d5070d00327dad5f726e2a7b2841427190782', '2015-03-24 09:53:08'),
(574, '64', '1', NULL, '3f2943f5d6b44f8799a88dffd605aa9b1423725958', '2015-03-24 11:48:00'),
(576, '65', '4', NULL, 'f0ab7bf9a1e547ed48dbff146ff1f2be1419921874', '2015-04-06 08:42:12'),
(577, '65', '4', NULL, '548082cde17dd0fb0d40986198737f601432183652', '2015-05-21 04:47:40');

-- --------------------------------------------------------

--
-- 表的结构 `home_img`
--

CREATE TABLE IF NOT EXISTS `home_img` (
  `ID` int(11) NOT NULL AUTO_INCREMENT,
  `PictureName` varchar(254) DEFAULT NULL,
  `Link` varchar(254) DEFAULT NULL,
  `Price` varchar(254) DEFAULT NULL,
  `Active` varchar(10) DEFAULT NULL,
  PRIMARY KEY (`ID`)
) ENGINE=InnoDB  DEFAULT CHARSET=utf8 AUTO_INCREMENT=6 ;

--
-- 转存表中的数据 `home_img`
--

INSERT INTO `home_img` (`ID`, `PictureName`, `Link`, `Price`, `Active`) VALUES
(1, 'home_img1.jpg', '65', '111111111', '1'),
(2, 'home_img2.jpg', '8', '11111', ''),
(3, 'home_img3.jpg', '69', '1', '1'),
(4, 'home_img4.jpg', '71', NULL, '1'),
(5, 'home_img5.jpg', '28', NULL, '');

-- --------------------------------------------------------

--
-- 表的结构 `listfirst`
--

CREATE TABLE IF NOT EXISTS `listfirst` (
  `Id` int(11) NOT NULL AUTO_INCREMENT,
  `Name` varchar(255) DEFAULT NULL COMMENT '类名称',
  `BGimg` varchar(255) DEFAULT NULL COMMENT '类的背景图片',
  `navListIcon` varchar(255) DEFAULT 'img/icon_birthday.png' COMMENT 'NAV中的图标',
  PRIMARY KEY (`Id`)
) ENGINE=InnoDB  DEFAULT CHARSET=utf8 COMMENT='第一级分类' AUTO_INCREMENT=4 ;

--
-- 转存表中的数据 `listfirst`
--

INSERT INTO `listfirst` (`Id`, `Name`, `BGimg`, `navListIcon`) VALUES
(1, '高级生日蛋糕系列', 'bgimg1.jpg', 'img/icon_birthday.png'),
(2, '高级冷点系列', 'bgimg2.jpg', 'img/icon_snacks.png'),
(3, '手信系列', 'bgimg3.jpg', 'img/icon_gift.png');

-- --------------------------------------------------------

--
-- 表的结构 `listsec`
--

CREATE TABLE IF NOT EXISTS `listsec` (
  `Id` int(11) NOT NULL AUTO_INCREMENT,
  `Name` varchar(255) DEFAULT NULL COMMENT '类名称',
  `BGimg` varchar(255) DEFAULT NULL COMMENT '类的背景图片',
  `ListImg` varchar(255) DEFAULT NULL COMMENT '大类中小类列表的图',
  `firID` int(11) DEFAULT NULL COMMENT '所属一级分类的ID',
  PRIMARY KEY (`Id`)
) ENGINE=InnoDB  DEFAULT CHARSET=utf8 COMMENT='第二级分类' AUTO_INCREMENT=13 ;

--
-- 转存表中的数据 `listsec`
--

INSERT INTO `listsec` (`Id`, `Name`, `BGimg`, `ListImg`, `firID`) VALUES
(1, '高纯度巧克力系列', 'classimg1.jpg', 'classimg1_int.jpg', 1),
(2, '芝士系列', 'classimg2.jpg', 'classimg2_int.jpg', 1),
(3, '摩丝系列', 'classimg3.jpg', 'classimg3_int.jpg', 1),
(4, '特色系列', 'classimg4.jpg', 'classimg4_int.jpg', 1),
(5, '奶冻系列', 'classimg5.jpg', 'classimg5_int.jpg', 2),
(6, '特色甜点系列', 'classimg6.jpg', 'classimg6_int.jpg', 2),
(7, '天然曲奇', 'classimg7.jpg', 'classimg7_int.jpg', 3),
(8, '月饼系列', 'classimg8.jpg', 'classimg8_int.jpg', 3),
(9, 'TEST PIC', 'classimg9.jpg', 'classimg9_int.jpg', 1),
(10, '即将上市', 'classimg10.jpg', 'classimg10_int.jpg', 1),
(11, '即将上市', 'classimg11.jpg', 'classimg11_int.jpg', 2),
(12, '即将上市', 'classimg12.jpg', 'classimg12_int.jpg', 3);

-- --------------------------------------------------------

--
-- 表的结构 `option`
--

CREATE TABLE IF NOT EXISTS `option` (
  `ID` int(11) NOT NULL AUTO_INCREMENT,
  `LowFreePrice` varchar(45) DEFAULT NULL,
  PRIMARY KEY (`ID`)
) ENGINE=InnoDB  DEFAULT CHARSET=utf8 AUTO_INCREMENT=3 ;

--
-- 转存表中的数据 `option`
--

INSERT INTO `option` (`ID`, `LowFreePrice`) VALUES
(1, '180'),
(2, '35');

-- --------------------------------------------------------

--
-- 表的结构 `order`
--

CREATE TABLE IF NOT EXISTS `order` (
  `ID` int(11) NOT NULL AUTO_INCREMENT,
  `Name` varchar(254) DEFAULT NULL,
  `Phone` varchar(254) DEFAULT NULL,
  `City` varchar(255) DEFAULT NULL,
  `Address` text,
  `Remarks` text,
  `CreateTime` timestamp NULL DEFAULT CURRENT_TIMESTAMP,
  `Price` varchar(45) DEFAULT '0',
  `Time` varchar(254) DEFAULT NULL,
  `OrderNumber` varchar(254) DEFAULT NULL,
  PRIMARY KEY (`ID`)
) ENGINE=InnoDB  DEFAULT CHARSET=utf8 AUTO_INCREMENT=259 ;

--
-- 转存表中的数据 `order`
--

INSERT INTO `order` (`ID`, `Name`, `Phone`, `City`, `Address`, `Remarks`, `CreateTime`, `Price`, `Time`, `OrderNumber`) VALUES
(1, '', '', NULL, 'asdfasd', 'sdfsdf', '2014-11-20 06:06:52', '0.00', NULL, NULL),
(2, '', '', NULL, 'sdfg', 'efrwe', '2014-11-20 06:12:12', '33.00', NULL, NULL),
(3, '', '', NULL, 'asdf', '', '2014-11-20 06:55:44', '44.00', NULL, NULL),
(4, '1', '2', NULL, '3', '2423151', '2014-11-20 07:02:24', '33.00', NULL, NULL),
(5, '4444', '44444', NULL, '4444444444', '44444444444444', '2014-11-20 07:03:50', '110.00', NULL, NULL),
(6, 'liujitian', '1243', NULL, 'lsdfirenannn,  aljse a ', '撒旦发生地方', '2014-11-21 08:17:37', '111.00', NULL, NULL),
(7, 'liujitian', '1243', NULL, 'lsdfirenannn,  aljse a ', '', '2014-11-21 08:17:39', '0', NULL, NULL),
(8, 'liujitian', '1243', NULL, 'lsdfirenannn,  aljse a ', '', '2014-11-21 08:17:40', '0', NULL, NULL),
(9, 'liujitian', '1243', NULL, 'lsdfirenannn,  aljse a ', '', '2014-11-21 08:17:40', '0', NULL, NULL),
(10, 'liujitian', '1243', NULL, 'lsdfirenannn,  aljse a ', '', '2014-11-21 08:17:41', '0', NULL, NULL),
(11, '', '', NULL, '', '', '2014-11-21 08:18:14', '0', NULL, NULL),
(12, 'swaerfaw', 'efrwe', NULL, 'fasdf', '', '2014-11-21 08:19:07', '0', NULL, NULL),
(13, 'wer', 'qwerq', NULL, 'werqe', '', '2014-11-21 08:19:57', '0', NULL, NULL),
(14, 'asdfas', '4235235', NULL, 'dfgg', '', '2014-11-21 08:21:09', '0', NULL, NULL),
(15, 'asdfas', 'df12341', NULL, '4123123', '', '2014-11-21 08:22:31', '0', NULL, NULL),
(16, 'asdfas', 'df12341', NULL, '4123123', '', '2014-11-21 08:26:05', '0', NULL, NULL),
(17, 'sdf', 'sdf', NULL, 'asdgadfasdf', '', '2014-11-21 08:26:27', '0', NULL, NULL),
(18, 'sdf', 'sadfa', NULL, 'sdgasdf', '', '2014-11-21 08:27:25', '123.00', NULL, NULL),
(19, 'sdfa', 'sdfa', NULL, 'sdgsagasd', '', '2014-11-21 08:29:39', '12312.00', NULL, NULL),
(20, 'liu', 'ji', NULL, 'tian', '1111111111111111111', '2014-11-21 08:33:34', '0.00', NULL, NULL),
(21, '1', '2', NULL, '3', '11111111111', '2014-11-21 08:35:19', '369.00', NULL, NULL),
(22, 'qwe', 'q123', NULL, '123123123', '', '2014-11-21 08:38:21', '0.00', NULL, NULL),
(23, 'qweq', 'weqw', NULL, 'eqw', '', '2014-11-21 08:41:26', '369.00', NULL, NULL),
(24, '撒旦法撒旦', '1223', NULL, '123124水电费阿桑地方 ', '厉害是的 ', '2014-11-21 08:43:21', '111.00', NULL, NULL),
(25, '2342', '23423', NULL, '223', '', '2014-11-21 08:47:22', '0.00', NULL, NULL),
(26, 'qwe', 'qweqwe', NULL, ' q为请问请问', '', '2014-11-21 08:50:32', '0.00', NULL, NULL),
(27, '121', '231', NULL, '蔷薇蔷薇去', '', '2014-11-21 08:52:05', '0.00', NULL, NULL),
(28, '1', '11', NULL, '爱仕达大神', '', '2014-11-21 08:54:02', '369.00', NULL, NULL),
(29, '水电费as', '的发的f', NULL, '啊地方 ', '', '2014-11-21 08:55:16', '11111111.00', NULL, NULL),
(30, '钱钱钱钱钱钱', '请求', NULL, '去去亲亲亲亲亲亲亲亲', '', '2014-11-21 08:58:05', '369.00', NULL, NULL),
(31, '钱钱钱钱钱钱', '请求', NULL, '去去亲亲亲亲亲亲亲亲', '', '2014-11-21 08:58:47', '0', NULL, NULL),
(32, '1111', '22222', NULL, '33333333', '', '2014-11-21 08:59:38', '123.00', NULL, NULL),
(33, '1231', '阿斯顿发sd', NULL, '发撒旦法按时', '', '2014-11-21 09:02:33', '0.00', NULL, NULL),
(34, '1231', '阿斯顿发sd', NULL, '发撒旦法按时', '', '2014-11-21 09:02:51', '0', NULL, NULL),
(35, '阿桑地方a', '撒旦fas', NULL, '的发生的', '', '2014-11-21 09:03:31', '123.00', NULL, NULL),
(36, 'sdfa', 'sdfas', NULL, '的发生地方', '', '2014-11-21 09:06:29', '123.00', NULL, NULL),
(37, '阿斯顿发水电费', '商店发的', NULL, '发生的的', '1231231', '2014-11-21 09:16:12', '123.00', NULL, NULL),
(38, 'asdfa', '商店fasd', NULL, '发阿斯顿发生发', '', '2014-11-21 10:22:06', '0.00', NULL, NULL),
(39, '撒旦法sd', '发阿桑地方阿斯顿f', NULL, '阿斯顿发生地方', '蔷薇蔷薇我', '2014-11-24 02:04:53', '123.00', NULL, NULL),
(40, 'afwseq', 'frwerfqwe', NULL, '日去为融洽微软', '121eqwe', '2014-11-24 03:00:53', '0.00', NULL, NULL),
(41, 'sdfa', '地方asdf', NULL, '啊水电费阿斯顿', '', '2014-11-24 03:04:10', 'NaN', NULL, NULL),
(42, '阿桑地方asd', '321341235213', NULL, ' 发撒的发生地方as', '水电费啊时代发生的', '2014-11-24 06:44:45', '11333333.00', NULL, NULL),
(43, 'sdasdrswae', 'dsfdersdf', NULL, 'ersedrfes', '萨嘎水电费', '2014-11-28 11:16:57', '3333345975.26', NULL, NULL),
(44, 'ftdrgfg', 'drffgxdfg', NULL, 'xdfgzserdf', '', '2014-11-28 11:17:33', '23.00', NULL, NULL),
(45, 'dsfdsf', 'sdfdf', NULL, 'sdfasdf', '', '2014-11-28 11:21:47', '0', NULL, NULL),
(46, 'sdfadf', 'adfasdf', NULL, 'asdfasdf', '', '2014-11-28 11:24:27', '0.00', NULL, NULL),
(47, 'adf', 'dfdsf', NULL, 'adfasdfdsf', '劳而adaf ad ffadfadfadsfdd', '2014-12-01 05:17:15', '27.00', NULL, NULL),
(48, 'Le', '2333', NULL, 'guangzhou', '自取谢谢,fadsffda', '2014-12-03 03:40:25', '15195.26', NULL, NULL),
(49, '1231231', '23124', NULL, '124312', '', '2014-12-04 08:30:37', '1111111221.00', 'dfasdddddddddddddddddddddddddddddddddddddddddddddddddddddddddddddddddddddddddddddddddddddddddddddddddddddddddddddddddddddddddddddddddddddddddddddddddddddddddddddddddddddddddddddddddddddddddddddddddddd', NULL),
(50, '1231231', '23124√√√√√√√√√√√√√√√√√√√√√√√√√√√√√√√√√√√√√√√√√√√√√√√√√√√√√√√√√√√√√√√√√√√√√√√√√√√√√√', NULL, '124312asdf√√√√√√√√√√√√√√√√√√√√√√√√√√√√√√√√√√√√√√√√√√√√√√√√√√√√√√√√√√√√√√√√√√√√√√√√√√√√√√√√√√√√√√√√√√√√√√√√√√√√√√√√', '', '2014-12-04 11:27:18', '11120.00', '上帝发誓大', '2014-12-0407:27:16pm4072'),
(51, '1231231', '23124√√√√√√√√√√√√√√√√√√√√√√√√√√√√√√√√√√√√√√√√√√√√√√√√√√√√√√√√√√√√√√√√√√√√√√√√√√√√√√', NULL, '124312asdf√√√√√√√√√√√√√√√√√√√√√√√√√√√√√√√√√√√√√√√√√√√√√√√√√√√√√√√√√√√√√√√√√√√√√√√√√√√√√√√√√√√√√√√√√√√√√√√√√√√√√√√√', '', '2014-12-04 11:30:54', '9.00', '啊沙发上', '2014-12-0407:30:54pm2971'),
(52, '1231231', '23124√√√√√√√√√√√√√√√√√√√√√√√√√√√√√√√√√√√√√√√√√√√√√√√√√√√√√√√√√√√√√√√√√√√√√√√√√√√√√√', NULL, '124312asdf√√√√√√√√√√√√√√√√√√√√√√√√√√√√√√√√√√√√√√√√√√√√√√√√√√√√√√√√√√√√√√√√√√√√√√√√√√√√√√√√√√√√√√√√√√√√√√√√√√√√√√√√', '阿斯顿发', '2014-12-04 11:44:33', '1111111221.00', '234235', '2014-12-0407:44:32pm3530'),
(53, '1231231', '23124√√√√√√√√√√√√√√√√√√√√√√√√√√√√√√√√√√√√√√√√√√√√√√√√√√√√√√√√√√√√√√√√√√√√√√√√√√√√√√', NULL, '124312asdf√√√√√√√√√√√√√√√√√√√√√√√√√√√√√√√√√√√√√√√√√√√√√√√√√√√√√√√√√√√√√√√√√√√√√√√√√√√√√√√√√√√√√√√√√√√√√√√√√√√√√√√√', '', '2014-12-04 11:45:19', '9.00', '', '2014-12-0407:45:18pm6742'),
(54, '1231231', '23124√√√√√√√√√√√√√√√√√√√√√√√√√√√√√√√√√√√√√√√√√√√√√√√√√√√√√√√√√√√√√√√√√√√√√√√√√√√√√√', NULL, '124312asdf√√√√√√√√√√√√√√√√√√√√√√√√√√√√√√√√√√√√√√√√√√√√√√√√√√√√√√√√√√√√√√√√√√√√√√√√√√√√√√√√√√√√√√√√√√√√√√√√√√√√√√√√', '', '2014-12-05 01:42:35', '0', '', '2014-12-0509:42:28am3445'),
(55, '1231231', '23124√√√√√√√√√√√√√√√√√√√√√√√√√√√√√√√√√√√√√√√√√√√√√√√√√√√√√√√√√√√√√√√√√√√√√√√√√√√√√√', NULL, '124312asdf√√√√√√√√√√√√√√√√√√√√√√√√√√√√√√√√√√√√√√√√√√√√√√√√√√√√√√√√√√√√√√√√√√√√√√√√√√√√√√√√√√√√√√√√√√√√√√√√√√√√√√√√', '', '2014-12-05 01:43:22', '0', '', '2014-12-0509:43:22am4942'),
(56, '1231231', '23124√√√√√√√√√√√√√√√√√√√√√√√√√√√√√√√√√√√√√√√√√√√√√√√√√√√√√√√√√√√√√√√√√√√√√√√√√√√√√√', NULL, '124312asdf√√√√√√√√√√√√√√√√√√√√√√√√√√√√√√√√√√√√√√√√√√√√√√√√√√√√√√√√√√√√√√√√√√√√√√√√√√√√√√√√√√√√√√√√√√√√√√√√√√√√√√√√', '', '2014-12-05 02:26:43', '9.00', '', '20141205102642am4384'),
(57, '1231231', '23124√√√√√√√√√√√√√√√√√√√√√√√√√√√√√√√√√√√√√√√√√√√√√√√√√√√√√√√√√√√√√√√√√√√√√√√√√√√√√√', NULL, '124312asdf√√√√√√√√√√√√√√√√√√√√√√√√√√√√√√√√√√√√√√√√√√√√√√√√√√√√√√√√√√√√√√√√√√√√√√√√√√√√√√√√√√√√√√√√√√√√√√√√√√√√√√√√', '', '2014-12-08 02:14:51', '1111111221.00', '撒旦发生地方', '14120810AM9862'),
(58, '1231231', '23124√√√√√√√√√√√√√√√√√√√√√√√√√√√√√√√√√√√√√√√√√√√√√√√√√√√√√√√√√√√√√√√√√√√√√√√√√√√√√√', NULL, '124312asdf√√√√√√√√√√√√√√√√√√√√√√√√√√√√√√√√√√√√√√√√√√√√√√√√√√√√√√√√√√√√√√√√√√√√√√√√√√√√√√√√√√√√√√√√√√√√√√√√√√√√√√√√', '', '2014-12-08 02:14:54', '0', '', '14120810AM7628'),
(59, '1231231', '23124√√√√√√√√√√√√√√√√√√√√√√√√√√√√√√√√√√√√√√√√√√√√√√√√√√√√√√√√√√√√√√√√√√√√√√√√√√√√√√', NULL, '124312asdf√√√√√√√√√√√√√√√√√√√√√√√√√√√√√√√√√√√√√√√√√√√√√√√√√√√√√√√√√√√√√√√√√√√√√√√√√√√√√√√√√√√√√√√√√√√√√√√√√√√√√√√√', '', '2014-12-08 02:20:11', '1111111221.00', '阿斯顿发', '14120810AM5076'),
(60, '1231231', '23124√√√√√√√√√√√√√√√√√√√√√√√√√√√√√√√√√√√√√√√√√√√√√√√√√√√√√√√√√√√√√√√√√√√√√√√√√√√√√√', NULL, '124312asdf√√√√√√√√√√√√√√√√√√√√√√√√√√√√√√√√√√√√√√√√√√√√√√√√√√√√√√√√√√√√√√√√√√√√√√√√√√√√√√√√√√√√√√√√√√√√√√√√√√√√√√√√', '', '2014-12-08 02:22:02', '1111111221.00', '', '14120810AM3240'),
(61, '1231231', '23124√√√√√√√√√√√√√√√√√√√√√√√√√√√√√√√√√√√√√√√√√√√√√√√√√√√√√√√√√√√√√√√√√√√√√√√√√√√√√√', NULL, '124312asdf√√√√√√√√√√√√√√√√√√√√√√√√√√√√√√√√√√√√√√√√√√√√√√√√√√√√√√√√√√√√√√√√√√√√√√√√√√√√√√√√√√√√√√√√√√√√√√√√√√√√√√√√', '', '2014-12-08 02:24:46', '12312.26', '', '14120810AM9483'),
(62, '1231231', '23124√√√√√√√√√√√√√√√√√√√√√√√√√√√√√√√√√√√√√√√√√√√√√√√√√√√√√√√√√√√√√√√√√√√√√√√√√√√√√√', NULL, '124312asdf√√√√√√√√√√√√√√√√√√√√√√√√√√√√√√√√√√√√√√√√√√√√√√√√√√√√√√√√√√√√√√√√√√√√√√√√√√√√√√√√√√√√√√√√√√√√√√√√√√√√√√√√', '', '2014-12-08 02:28:04', '9.00', '', '14120810AM4278'),
(63, '1231231', '23124√√√√√√√√√√√√√√√√√√√√√√√√√√√√√√√√√√√√√√√√√√√√√√√√√√√√√√√√√√√√√√√√√√√√√√√√√√√√√√', NULL, '124312asdf√√√√√√√√√√√√√√√√√√√√√√√√√√√√√√√√√√√√√√√√√√√√√√√√√√√√√√√√√√√√√√√√√√√√√√√√√√√√√√√√√√√√√√√√√√√√√√√√√√√√√√√√', '', '2014-12-08 02:29:10', '111.00', '', '14120810AM8640'),
(64, '1231231', '23124√√√√√√√√√√√√√√√√√√√√√√√√√√√√√√√√√√√√√√√√√√√√√√√√√√√√√√√√√√√√√√√√√√√√√√√√√√√√√√', NULL, '124312asdf√√√√√√√√√√√√√√√√√√√√√√√√√√√√√√√√√√√√√√√√√√√√√√√√√√√√√√√√√√√√√√√√√√√√√√√√√√√√√√√√√√√√√√√√√√√√√√√√√√√√√√√√', '', '2014-12-08 02:34:09', '0.00', 'asdfasdf', '14120810AM8865'),
(65, '1231231', '23124√√√√√√√√√√√√√√√√√√√√√√√√√√√√√√√√√√√√√√√√√√√√√√√√√√√√√√√√√√√√√√√√√√√√√√√√√√√√√√', NULL, '124312asdf√√√√√√√√√√√√√√√√√√√√√√√√√√√√√√√√√√√√√√√√√√√√√√√√√√√√√√√√√√√√√√√√√√√√√√√√√√√√√√√√√√√√√√√√√√√√√√√√√√√√√√√√', '', '2014-12-08 02:36:10', '0.00', '', '14120810AM7100'),
(66, '1231231', '23124√√√√√√√√√√√√√√√√√√√√√√√√√√√√√√√√√√√√√√√√√√√√√√√√√√√√√√√√√√√√√√√√√√√√√√√√√√√√√√', NULL, '124312asdf√√√√√√√√√√√√√√√√√√√√√√√√√√√√√√√√√√√√√√√√√√√√√√√√√√√√√√√√√√√√√√√√√√√√√√√√√√√√√√√√√√√√√√√√√√√√√√√√√√√√√√√√', '', '2014-12-08 02:37:23', '1111111221.00', '', '14120810AM2634'),
(67, '1231231', '23124√√√√√√√√√√√√√√√√√√√√√√√√√√√√√√√√√√√√√√√√√√√√√√√√√√√√√√√√√√√√√√√√√√√√√√√√√√√√√√', NULL, '124312asdf√√√√√√√√√√√√√√√√√√√√√√√√√√√√√√√√√√√√√√√√√√√√√√√√√√√√√√√√√√√√√√√√√√√√√√√√√√√√√√√√√√√√√√√√√√√√√√√√√√√√√√√√', '', '2014-12-08 02:40:03', '0.00', '', '14120810AM8838'),
(68, '1231231', '23124√√√√√√√√√√√√√√√√√√√√√√√√√√√√√√√√√√√√√√√√√√√√√√√√√√√√√√√√√√√√√√√√√√√√√√√√√√√√√√', NULL, '124312asdf√√√√√√√√√√√√√√√√√√√√√√√√√√√√√√√√√√√√√√√√√√√√√√√√√√√√√√√√√√√√√√√√√√√√√√√√√√√√√√√√√√√√√√√√√√√√√√√√√√√√√√√√', '1111111111111111', '2014-12-08 03:01:51', '0.00', '11111111', '14120811AM4204'),
(69, '1231231', '23124√√√√√√√√√√√√√√√√√√√√√√√√√√√√√√√√√√√√√√√√√√√√√√√√√√√√√√√√√√√√√√√√√√√√√√√√√√√√√√', NULL, '124312asdf√√√√√√√√√√√√√√√√√√√√√√√√√√√√√√√√√√√√√√√√√√√√√√√√√√√√√√√√√√√√√√√√√√√√√√√√√√√√√√√√√√√√√√√√√√√√√√√√√√√√√√√√', '', '2014-12-08 03:12:45', '1111111221.00', '', '14120811AM5478'),
(70, 'asdfa', 'dsaf', NULL, 'dsfa', '', '2014-12-09 11:51:40', '5.00', 'fadfds', '20141209075140pm8064'),
(71, 'ASFAS', 'FASDF', NULL, 'ASDFASDF', '', '2014-12-10 01:15:35', '205.00', 'ASDF', '20141210091535am8581'),
(72, 'ASFAS', 'FASDF', NULL, 'ASDFASDF', '', '2014-12-10 01:23:17', '5.00', '1111111111', '14121009AM5044'),
(73, '乾乾淨淨了', '回家睡覺', NULL, '公路局看看', '', '2014-12-10 01:56:03', '111.00', '25', '14121009AM5779'),
(74, '流量餓了咯空間擴大', '428458565', NULL, '經濟繼續換', '', '2014-12-10 02:39:12', '116.00', '26', '14121010AM6800'),
(75, 'll', '13457', NULL, 'yhhgft', 'hhh', '2014-12-10 07:49:50', '108.00', '11月25题', '14121003PM4745'),
(76, 'd s d', 's d f', NULL, 's d', 'a s d s', '2014-12-10 08:50:43', '5.00', '3', '14121004PM1041'),
(77, 'd s d', 's d f', NULL, 's d', 'sdfa', '2014-12-10 09:40:29', '100.00', '2', '14121005PM8492'),
(78, 'll', '13457', NULL, 'yhhgft', '', '2014-12-10 10:18:37', '109.00', 'kala', '14121006PM8408'),
(79, 'll', '13457', NULL, 'yhhgft', '', '2014-12-10 10:20:29', '100.00', 'gugu', '14121006PM7948'),
(80, '我 i', '139272782', NULL, '上市', 'f g hf g h', '2014-12-10 11:47:44', '300.00', '就是睡觉', '14121007PM4702'),
(81, '流量餓了咯空間擴大', '428458565', NULL, '經濟繼續換', '洞庭湖大头贴', '2014-12-11 06:29:14', '331.00', '54', '14121102PM3982'),
(82, 'll', '13457', NULL, 'yhhgft', '', '2014-12-11 07:39:01', '0.00', 'y hu yy hu y', '14121103PM6689'),
(83, 'rao', 'wjjeje', NULL, '上市', 'h sh wh sh w', '2014-12-13 02:34:19', '0.00', 'h s h sh s j sh s h sh s j s', '14121310AM1345'),
(84, 'sdfdfa', 'sadfdf', NULL, 'sadfadfsdfasd', '', '2014-12-15 12:57:04', '184.00', 'asdfadfdfsd', '14121508PM5008'),
(85, 'sdfdfa', 'sadfdf', '海珠区', 'sadfadfsdfasd', '', '2014-12-17 06:35:50', '215.00', 'adfaddsfsadasasafd', '14121702PM8394'),
(86, 'y y hy y h', 'yu u h gyu u h g', '海珠区', 'yhhgft', 'tfddf', '2014-12-17 11:46:56', '342.00', 'ttt', '14121707PM7612'),
(87, 'kl', 'n', '海珠区', 'k', '', '2014-12-18 01:43:52', '2500.00', 'l', '14121809AM1767'),
(88, '哈', 'yu u h gyu u h g', '海珠区', 'yhhgft', '测试', '2014-12-18 06:51:37', '98.00', '9：00', '14121802PM4695'),
(89, '不', '是', '海珠区', '是', '的那', '2014-12-24 11:34:16', '462.00', '有点', '14122407PM2076'),
(90, 'asdfa', 'dsaf', '番禺区', 'dsfa', '', '2014-12-24 14:00:24', '96.00', '', '14122410PM5271'),
(91, 'asdfa', 'dsaf', '--', 'dsfa', '', '2014-12-24 14:08:30', '100.00', '', '14122410PM1468'),
(92, 'asdfa', 'dsaf', '--', 'dsfa', '', '2014-12-24 14:10:12', '100.00', '', '14122410PM8833'),
(93, '哈', 'yu u h gyu u h g', '海珠区', 'yhhgft哥哥哥哥哥哥个反反复复反复f f f f g g g g g g h y y y yf f f f g g g g g g h y y y y', '测试', '2014-12-24 14:18:37', '1179.00', '', '14122410PM6916'),
(94, '阿卡丽', '4265665545', '白云区', '太可憐了', '你好', '2014-12-24 14:43:36', '1000.00', '', '14122410PM8188'),
(95, '哈', 'yu u h gyu u h g', '海珠区', 'yhhgft哥哥哥哥哥哥个反反复复反复f f f f g g g g g g h y y y yf f f f g g g g g g h y y y y', '', '2014-12-24 15:17:52', '705.00', '', '14122411PM8927'),
(96, '哈', 'yu u h gyu u h g', '海珠区', 'yhhgft哥哥哥哥哥哥个反反复复反复f f f f g g g g g g h y y y yf f f f g g g g g g h y y y y', 'ha ha haha ha ha哈哈哈', '2014-12-24 17:09:53', '5.00', '', '14122501AM8410'),
(97, 'kl', 'n', '海珠区', 'k', 'sdfa', '2014-12-25 03:13:10', '0.00', '', '14122511AM7187'),
(98, 'sdfdfa', 'sadfdf', '白云区', 'sadfadfsdfasd', '', '2014-12-25 03:19:32', '320.00', '枯大师傅夺', '14122511AM4927'),
(99, 'sdfdfa', 'sadfdf', '白云区', 'sadfadfsdfasd', '', '2014-12-25 03:20:44', '100.00', '夺标要东奔西走 东奔西走 ', '14122511AM1062'),
(100, '哈', 'yu u h gyu u h g', '海珠区', 'yhhgft哥哥哥哥哥哥个反反复复反复f f f f g g g g g g h y y y yf f f f g g g g g g h y y y y', 'ha ha haha ha ha哈哈哈', '2014-12-25 03:35:46', '180.00', '', '14122511AM9176'),
(101, 'asdfa', '54254', '--', 'dsfa', '压顶地大师傅大 ', '2014-12-25 06:26:34', '100.00', '', '14122502PM1332'),
(102, '阿卡丽', '426566', '黄埔区', '你咯', 'OK啦啊', '2014-12-25 06:31:29', '45.00', '2', '14122502PM4223'),
(103, '哈', 'yu u h gyu u h g', '番禺区', 'yhhgft哥哥哥哥哥哥个反反复复反复f f f f g g g g g g h y y y yf f f f g g g g g g h y y y y', '测试一下', '2014-12-25 06:48:05', '319.00', '', '14122502PM6120'),
(104, '阿卡丽', '426566', '黄埔区', '你咯', '', '2014-12-25 06:49:37', '45.00', '2', '14122502PM9723'),
(105, '哈', 'yu u h gyu u h g', '番禺区', 'yhhgft哥哥哥哥哥哥个反反复复反复f f f f g g g g g g h y y y yf f f f g g g g g g h y y y y', '', '2014-12-25 07:03:28', '324.00', '', '14122503PM7963'),
(106, '哈', 'yu u h gyu u h g', '白云区', 'yhhgft哥哥哥哥哥哥个反反复复反复f f f f g g g g g g h y y y yf f f f g g g g g g h y y y y', 'test', '2014-12-25 09:22:31', '260.00', 't tt t', '14122505PM2429'),
(107, '564123', '156465', '白云区', '1002154', '', '2014-12-31 01:29:36', '254.00', '1251', '14123101AM4163'),
(108, '12', '52758528727', '白云区', '0120101', '', '2015-01-05 05:31:43', '100.00', '4502月21日021', '15010505AM9407'),
(109, '12', '52758528727', '白云区', '0120101', '', '2015-01-05 05:32:15', '100.00', '420月210日0212', '15010505AM4129'),
(110, '科技咯地', '2244558665', '海珠区', '喔紀錄天', '不ｕi wu wu ei wu wue', '2015-01-05 05:33:18', '420.00', '5月1日12：35', '15010505AM1984'),
(111, '12', '52758528727', '白云区', '0120101', '', '2015-01-05 05:37:21', '100.00', '2.月21.日21.', '15010505AM2332'),
(112, '科技咯地', '2244558665', '海珠区', '喔紀錄天', '沒了OK了', '2015-01-05 05:54:42', '400.00', '1月8日12：65', '15010505AM1138'),
(113, '科技咯地', '2244558665', '海珠区', '喔紀錄天', '沒解決看看', '2015-01-05 05:55:55', '250.00', '1月2日12：35', '15010505AM5977'),
(114, '科技咯地', '2244558665', '海珠区', '喔紀錄天', '', '2015-01-05 05:59:22', '39.00', '1月6日12：38', '15010505AM7411'),
(115, '12', '52758528727', '白云区', '0120101', '', '2015-01-05 06:03:35', '150.00', '0月120日120', '15010506AM3645'),
(116, '12', '52758528727', '白云区', '0120101', '', '2015-01-05 06:04:25', '100.00', '0月10日10210', '15010502PM4574'),
(117, '科技咯地', '2244558665', '海珠区', '喔紀錄天', '', '2015-01-05 06:13:21', '39.00', '1月6日12：30', '15010502PM3982'),
(118, '科技咯地', '2244558665', '海珠区', '喔紀錄天', '', '2015-01-05 06:29:56', '39.00', '2月1日12：30', '15010502PM6088'),
(119, '科技咯地', '2244558665', '海珠区', '喔紀錄天', '', '2015-01-05 06:30:55', '39.00', '2月1日12：30', '15010502PM5577'),
(120, '12', '52758528727', '白云区', '0120101', '', '2015-01-05 06:33:00', '0.00', '15月53日1351', '15010502PM5044'),
(121, '12', '52758528727', '白云区', '0120101', '', '2015-01-05 06:33:41', '0.00', '153月531日35153', '15010502PM8410'),
(122, '科技咯地', '2244558665', '海珠区', '喔紀錄天', '來看看', '2015-01-05 06:55:13', '39.00', '1月3日12：30', '15010502PM8247'),
(123, '黎伟杰', '13266333881', '白云区', '京溪路口', '', '2015-01-06 01:33:56', '180.00', '12月3日都可以', '15010609AM6840'),
(124, '科技咯地d f', '2244535550', '越秀区', '喔紀錄天', '', '2015-01-06 07:25:40', '461.00', '1月6日12：36', '15010603PM8899'),
(125, '科技咯地d f', '2244535550', '越秀区', '喔紀錄天', '', '2015-01-06 07:28:40', '45.00', '1月6日12：45', '15010603PM9545'),
(126, '科技咯地d f', '2244535550', '越秀区', '喔紀錄天', '', '2015-01-08 14:45:43', '452.00', '2月5日12；re', '15010810PM8562'),
(127, 'pppu', '22', '黄埔区', '', '', '2015-01-09 03:40:55', '104.00', '22月55日f g h', '15010911AM6928'),
(128, 'll', 'll', '白云区', 'hj', '', '2015-01-12 01:57:09', '200.00', '5月3日65', '15011209AM1079'),
(129, '科技咯地d f', '2244535550', '越秀区', '喔紀錄天', '发挥发挥不好', '2015-01-12 09:59:18', '2306.00', '2月5日13：33', '15011205PM4065'),
(130, '科技咯地d f', '2244535550', '越秀区', '喔紀錄天', 'h h', '2015-01-12 10:13:04', '464.00', '2月5日12：32', '15011206PM7055'),
(131, '科技咯地d f', '2244535550', '越秀区', '喔紀錄天', '', '2015-01-12 10:24:17', '670.00', '1月3日12：34', '15011206PM8555'),
(132, 't t', '22', '天河区', 't yu h', '', '2015-01-12 12:32:01', '100.00', '555月55日h h h', '15011208PM8648'),
(133, 'g y', '2244535550', '越秀区', '喔紀錄天', '', '2015-01-20 05:51:30', '434.00', '2月5日12:24', '15012001PM5663'),
(134, '黎伟杰', '13266333881', '越秀区', '京溪路口', '麗', '2015-01-22 02:31:33', '200.00', '1月2日123', '15012210AM9028'),
(135, '黎伟杰', '13266333881', '越秀区', '京溪路口', '', '2015-01-26 02:23:44', '400.00', '2月3日勃', '15012610AM4810'),
(136, '', '', '', '', '', '2015-01-26 02:23:44', '0', '', '15012610AM4810'),
(137, 'g y', '2244535550', '越秀区', '喔紀錄天', '', '2015-01-26 02:31:26', '532.00', '2月5日12:12', '15012610AM4460'),
(138, 'g y', '2244535550', '越秀区', '喔紀錄天', '', '2015-01-26 03:36:53', '185.00', '2月5日12:25', '15012611AM2487'),
(139, 'g y', '2244535550', '越秀区', '喔紀錄天', '', '2015-01-27 02:32:40', '570.00', '05月5日12:25', '15012606PM7385'),
(140, 'g y', '2244535550', '越秀区', '喔紀錄天', '', '2015-01-27 02:46:59', '350.00', '5月2日12:54', '15012710AM7966'),
(141, '', '', '', '', '', '2015-01-27 08:14:50', '0', '', '这是测试订单号'),
(142, 'g y', '2244535550', '越秀区', '喔紀錄天', '', '2015-01-27 08:15:49', '200.00', '2月5日12:25', '15012704PM1536'),
(143, 'g y', '2244535550', '越秀区', '喔紀錄天', '', '2015-01-27 08:50:18', '570.00', '2月5日1225', '15012704PM8654'),
(144, 'g y', '2244535550', '越秀区', '喔紀錄天', '', '2015-01-28 02:33:39', '200.00', '2月5日12:3', '15012810AM3945'),
(145, 'g y', '2244535550', '越秀区', '喔紀錄天', '', '2015-01-28 04:03:01', '570.00', '2月5日22：35', '15012812PM2994'),
(146, 'g y', '2244535550', '越秀区', '喔紀錄天', '', '2015-02-04 07:19:16', '400.00', '2月2日12:12', '15020403PM9269'),
(147, 'g y', '2244535550', '越秀区', '喔紀錄天', '', '2015-02-04 09:00:01', '200.00', '2月3日12:22', '15020404PM3036'),
(148, 'g y', '2244535550', '越秀区', '喔紀錄天', '', '2015-02-04 09:17:56', '200.00', '2月3日12:25', '15020405PM2014'),
(149, 'g y', '2244535550', '越秀区', '喔紀錄天', '', '2015-02-06 06:16:15', '200.00', '2月2日12：13', '15020602PM7774'),
(150, 'g y', '2244535550', '越秀区', '喔紀錄天', '', '2015-02-06 06:21:47', '200.00', '2月3日12：35', '15020602PM5458'),
(151, 'g y', '2244535550', '越秀区', '喔紀錄天', '', '2015-02-06 06:33:48', '200.00', '2月3日12：44', '15020602PM7497'),
(152, 'g g', '55', '黄埔区', 'j j j', '', '2015-02-06 09:05:07', '185.00', '5月6日g j k', '15020605PM7121'),
(153, 'g y', '2244535550', '越秀区', '喔紀錄天', '', '2015-02-06 09:29:44', '380.00', '2月5日13：77', '15020605PM3641'),
(154, 'h h', '22355', '黄埔区', 'hij', '', '2015-02-13 06:08:14', '570.00', '55月6日gg', '15021302PM4329'),
(155, 'g y', '2244535550', '越秀区', '喔紀錄天', '', '2015-02-15 07:19:42', '730.00', '2月3日1254', '15021503PM1151'),
(156, 'g y', '2244535550', '越秀区', '喔紀錄天', '', '2015-02-16 10:34:45', '400.00', '2月5日2', '15021606PM6957'),
(157, 'g y', '2244535550', '越秀区', '喔紀錄天', '', '2015-02-16 10:40:16', '89.00', '2月5日12:55', '15021606PM8834'),
(158, 'g y', '2244535550', '越秀区', '喔紀錄天', '空', '2015-02-16 10:41:13', '200.00', '5月5日12:25', '15021606PM5133'),
(159, 'll', 'll', '白云区', 'hj', '', '2015-02-17 03:41:52', '892.00', '月日', '15021711AM5680'),
(160, 'g y', '2244535550', '越秀区', '喔紀錄天', '', '2015-02-17 03:53:26', '380.00', '2月5日1:22', '15021711AM6820'),
(161, 'g y', '2244535550', '越秀区', '喔紀錄天', '', '2015-02-17 03:56:11', '119.00', '2月5日12:58', '15021711AM4220'),
(162, 'g y', '2244535550', '越秀区', '喔紀錄天', '', '2015-02-17 04:01:59', '89.00', '2月5日445', '15021712PM1516'),
(163, 'g y', '2244535550', '越秀区', '喔紀錄天', '', '2015-02-17 04:03:04', '54.00', '2月5日555', '15021712PM8812'),
(164, 'g y', '2244535550', '越秀区', '喔紀錄天', '', '2015-02-17 04:04:10', '89.00', '2月5日228', '15021712PM1067'),
(165, 'g y', '2244535550', '越秀区', '喔紀錄天', '', '2015-02-17 04:05:11', '54.00', '25月5日2585', '15021712PM5397'),
(166, 'g y', '2244535550', '越秀区', '喔紀錄天', '', '2015-02-17 04:09:48', '200.00', '2月5日255', '15021712PM3530'),
(167, 'g y', '2244535550', '越秀区', '喔紀錄天', '', '2015-02-17 04:11:03', '200.00', '2月5日25', '15021712PM4782'),
(168, 'g y', '2244535550', '越秀区', '喔紀錄天', '', '2015-02-17 04:12:05', '200.00', '2月2日125', '15021712PM6267'),
(169, 'g y', '2244535550', '越秀区', '喔紀錄天', '', '2015-02-17 04:12:54', '200.00', '2月2日258', '15021712PM7880'),
(170, 'h h', '22355', '黄埔区', 'hij', '', '2015-02-17 06:17:15', '280.00', '22月6日b', '15021702PM2575'),
(171, 'h h', '22355', '黄埔区', 'hij', '', '2015-02-17 06:17:44', '0', '', '15021702PM2575'),
(172, 'h h', '22355', '黄埔区', 'hij', '', '2015-02-17 06:17:49', '0', '', '15021702PM2575'),
(173, 'h h', '22355', '黄埔区', 'hij', '', '2015-02-17 06:18:54', '0', '', '15021702PM2974'),
(174, 'h h', '22355', '黄埔区', 'hij', '', '2015-02-17 06:18:59', '0', '', '15021702PM2974'),
(175, 'g y', '2244535550', '越秀区', '喔紀錄天', '', '2015-02-17 07:28:50', '400.00', '2月5日12:55', '15021703PM5031'),
(176, 'rex', '1251545', '--', '', '', '2015-02-17 07:54:17', '200.00', '02月25日15', '15021703PM3110'),
(177, 'h h', '22355', '黄埔区', 'hij', '', '2015-02-18 09:49:56', '200.00', '2月15日b j j', '15021805PM8948'),
(178, 'g y', '2244535550', '越秀区', '喔紀錄天', '', '2015-02-25 01:13:50', '0', '', '15022509AM7887'),
(179, 'g y', '2244535550', '越秀区', '喔紀錄天', '', '2015-02-25 01:13:59', '0', '', '15022509AM7887'),
(180, 'li', '556852', '天河区', 'hjjjh', '', '2015-02-25 01:48:33', '200.00', '5月5日h j j', '15022509AM3896'),
(181, 'li', '556852', '天河区', 'hjjjh', '', '2015-02-25 01:49:25', '380.00', '5月6日g h h', '15022509AM2125'),
(182, 'g y', '2244535550', '越秀区', '喔紀錄天', '', '2015-02-25 02:23:47', '150.00', '2月5日125', '15022510AM7436'),
(183, 'g y', '2244535550', '越秀区', '喔紀錄天', '', '2015-02-25 02:23:57', '0', '', '15022510AM7436'),
(184, 'g y', '2244535550', '越秀区', '喔紀錄天', '', '2015-02-25 02:33:10', '200.00', '2月5日看看', '15022510AM6470'),
(185, 'g y', '2244535550', '越秀区', '喔紀錄天', '', '2015-02-25 02:34:05', '200.00', '2月2日看看', '15022510AM7986'),
(186, 'g y', '2244535550', '越秀区', '喔紀錄天', '', '2015-02-25 02:34:39', '200.00', '5月2日55', '15022510AM1449'),
(187, 'g y', '2244535550', '越秀区', '喔紀錄天', '', '2015-02-25 02:36:41', '200.00', '2月5日12', '15022510AM9431'),
(188, 'g y', '2244535550', '越秀区', '喔紀錄天', '', '2015-02-25 02:42:40', '200.00', '2月2日23', '15022510AM7277'),
(189, 'g y', '2244535550', '越秀区', '喔紀錄天', '', '2015-02-25 02:45:43', '200.00', '2月2日125', '15022510AM3522'),
(190, 'g y', '2244535550', '越秀区', '喔紀錄天', '', '2015-02-25 02:48:15', '200.00', '2月5日58', '15022510AM1353'),
(191, 'g y', '2244535550', '越秀区', '喔紀錄天', '', '2015-02-25 02:49:56', '200.00', '2月8日69', '15022510AM3796'),
(192, 'g y', '2244535550', '越秀区', '喔紀錄天', '', '2015-02-25 02:54:56', '200.00', '2月5日2', '15022510AM7392'),
(193, 'g y', '2244535550', '越秀区', '喔紀錄天', '', '2015-02-25 03:03:39', '52.00', '5月5日啦', '15022511AM4505'),
(194, 'g y', '2244535550', '越秀区', '喔紀錄天', '', '2015-02-26 01:21:45', '200.00', '2月5日45', '15022609AM3706'),
(195, 'g y', '2244535550', '越秀区', '喔紀錄天', '', '2015-02-26 01:21:54', '0', '', '15022609AM3706'),
(196, 'g y', '2244535550', '越秀区', '喔紀錄天', '', '2015-02-26 01:24:25', '200.00', '2月5日56', '15022609AM4468'),
(197, 'g y', '2244535550', '越秀区', '喔紀錄天', '', '2015-02-26 01:24:32', '0', '', '15022609AM4468'),
(198, 'g y', '2244535550', '越秀区', '喔紀錄天', '', '2015-02-26 01:34:18', '200.00', '5月6日536', '15022609AM3952'),
(199, 'g y', '2244535550', '越秀区', '喔紀錄天', '', '2015-02-26 01:34:31', '0', '', '15022609AM3952'),
(200, 'g y', '2244535550', '越秀区', '喔紀錄天', '', '2015-02-26 01:34:50', '0', '', '15022609AM7224'),
(201, 'g y', '2244535550', '越秀区', '喔紀錄天', '', '2015-02-26 01:48:01', '400.00', '2月5日254', '15022609AM6940'),
(202, 'g y', '2244535550', '越秀区', '喔紀錄天', '', '2015-02-26 01:52:30', '200.00', '2月8日876', '15022609AM1975'),
(203, 'g y', '2244535550', '越秀区', '喔紀錄天', '', '2015-02-26 06:29:38', '200.00', '2月6日2556', '15022602PM7053'),
(204, 'g y', '2244535550', '越秀区', '喔紀錄天', '', '2015-02-26 06:29:42', '0', '', '15022602PM7053'),
(205, 'll', 'll', '白云区', 'hj', '', '2015-02-26 06:31:21', '185.00', '4月4日75', '15022602PM7072'),
(206, 'll', 'll', '白云区', 'hj', '', '2015-02-26 06:31:53', '0', '', '15022602PM7072'),
(207, 'g y', '2244535550', '越秀区', '喔紀錄天', '', '2015-02-26 07:00:14', '200.00', '2月5日14', '15022603PM3047'),
(208, 'll', 'll', '白云区', 'hj', '', '2015-02-26 07:00:25', '0', '', '15022602PM7072'),
(209, 'll', 'll', '白云区', 'hj', '', '2015-02-26 07:00:30', '0', '', '15022602PM7072'),
(210, 'll', 'll', '白云区', 'hj', '', '2015-02-26 07:04:00', '0', '', '15022602PM7072'),
(211, 'll', 'll', '白云区', 'hj', '', '2015-02-26 07:23:42', '200.00', '5月6日4545', '15022603PM9928'),
(212, 'll', 'll', '白云区', 'hj', '', '2015-02-26 07:23:59', '0', '', '15022603PM9928'),
(213, 'g y', '2244535550', '越秀区', '喔紀錄天', '', '2015-02-26 07:38:44', '200.00', '2月8日4585', '15022603PM3334'),
(214, 'li', '556852', '天河区', 'hjjjh', '', '2015-02-26 09:10:32', '200.00', '2月85日v h b', '15022605PM8753'),
(215, 'li', '556852', '天河区', 'hjjjh', '', '2015-02-26 09:11:11', '200.00', '2月55日hu j', '15022605PM7375'),
(216, 'g y', '2244535550', '越秀区', '喔紀錄天', '', '2015-02-26 09:36:31', '200.00', '2月5日567', '15022605PM8563'),
(217, 'g y', '2244535550', '越秀区', '喔紀錄天', '', '2015-02-26 10:38:56', '200.00', '2月5日466', '15022606PM9713'),
(218, 'li', '556852', '天河区', 'hjjjh', '', '2015-02-26 10:44:56', '380.00', '5月55日h h h', '15022606PM3782'),
(219, 'g y', '2244535550', '越秀区', '喔紀錄天', '', '2015-02-27 01:58:30', '200.00', '2月8日1385', '15022709AM9221'),
(220, 'g y', '2244535550', '越秀区', '喔紀錄天', '', '2015-02-27 04:17:27', '530.00', '2月5日226', '15022712PM3108'),
(221, 'yuh', '22', '海珠区', 'yu uh', '', '2015-02-27 09:38:16', '185.00', '2月23日ghh', '15022705PM5445'),
(222, '坚决肾6', '肾7', '黄埔区', '8：毌', 'feel\n', '2015-02-27 10:20:38', '400.00', '1月58日58', '15022706PM6689'),
(223, 'rex', '13924584815', '海珠区', 'h h sh sh j s', '', '2015-02-28 07:36:13', '185.00', '12月24日1373', '15022803PM3732'),
(224, 'yuh', '22', '海珠区', 'yu uh', '', '2015-02-28 07:38:42', '380.00', '2月12日g h b', '15022803PM5773'),
(225, 'uuu', '22555', '黄埔区', 'yu uh', '', '2015-03-02 01:03:36', '380.00', '2月2日p ooo', '15030209AM4111'),
(226, 'uuu', '22555', '黄埔区', 'yu uh', '', '2015-03-02 01:04:06', '0', '', '15030209AM8984'),
(227, 'g y', '2244535550', '越秀区', '喔紀錄天', '', '2015-03-02 01:43:11', '350.00', '5月8日255', '15030209AM2676'),
(228, 'g y', '2244535550', '越秀区', '喔紀錄天', '', '2015-03-02 01:44:27', '54.00', '5月8日555', '15030209AM6154'),
(229, 'g y', '2244535550', '越秀区', '喔紀錄天', '', '2015-03-02 01:55:13', '200.00', '2月5日558', '15030209AM6012'),
(230, 'g y', '2244535550', '越秀区', '喔紀錄天', '', '2015-03-02 02:02:10', '200.00', '2月5日255', '15030210AM7962'),
(231, 'g y', '2244535550', '越秀区', '喔紀錄天', '', '2015-03-02 02:08:23', '200.00', '2月5日5885', '15030210AM7285'),
(232, 'g y', '2244535550', '越秀区', '喔紀錄天', '', '2015-03-02 02:12:42', '200.00', '2月5日255', '15030210AM6491'),
(233, 'g y', '2244535550', '越秀区', '喔紀錄天', '', '2015-03-02 03:02:33', '200.00', '5月25日258', '15030211AM1936'),
(234, 'g y', '2244535550', '越秀区', '喔紀錄天', '', '2015-03-02 03:31:50', '200.00', '2月5日255', '15030211AM2045'),
(235, 'g y', '2244535550', '越秀区', '喔紀錄天', '', '2015-03-02 03:41:09', '200.00', '2月5日考虑考虑', '15030211AM7228'),
(236, 'g y', '2244535550', '越秀区', '喔紀錄天', '', '2015-03-02 04:03:30', '200.00', '2月5日5', '15030212PM8925'),
(237, 'g y', '2244535550', '越秀区', '喔紀錄天', '', '2015-03-02 06:50:59', '200.00', '5月2日525', '15030202PM6460'),
(238, 'g y', '2244535550', '越秀区', '喔紀錄天', '', '2015-03-02 07:09:10', '530.00', '5月5日555', '15030203PM8835'),
(239, 'g y', '2244535550', '越秀区', '喔紀錄天', '', '2015-03-02 07:10:10', '200.00', '2月5日28', '15030203PM8884'),
(240, 'g y', '2244535550', '越秀区', '喔紀錄天', '', '2015-03-02 07:46:37', '380.00', '5月8日552', '15030203PM9667'),
(241, 'g y', '2244535550', '越秀区', '喔紀錄天', '', '2015-03-02 08:25:18', '200.00', '5月5日55', '15030204PM5947'),
(242, 'g y', '2244535550', '越秀区', '喔紀錄天', '', '2015-03-02 09:22:30', '200.00', '5月5日55', '15030205PM7765'),
(243, 'g y', '2244535550', '越秀区', '喔紀錄天', '', '2015-03-02 10:25:54', '200.00', '8月6日535', '15030206PM8551'),
(244, 'g y', '2244535550', '越秀区', '喔紀錄天', '', '2015-03-03 01:23:23', '200.00', '5月2日 25', '15030309AM8920'),
(245, 'g y', '2244535550', '越秀区', '喔紀錄天', '', '2015-03-03 01:25:10', '200.00', '2月5日45', '15030309AM1112'),
(246, 'uuu', '22555', '黄埔区', 'yu uh', '', '2015-03-03 02:17:45', '200.00', '5月3日h h', '15030310AM7936'),
(247, 'g y', '2244535550', '越秀区', '喔紀錄天', '', '2015-03-03 06:58:20', '350.00', '5月52日25', '15030302PM9887'),
(248, 'lk', '55588', '黄埔区', 'g h ju', '', '2015-03-05 11:38:38', '380.00', '5月2日g h h', '15030507PM8316'),
(249, 'lk', '55588', '黄埔区', 'g h ju', '', '2015-03-10 05:15:59', '380.00', '6月5日h', '15031001PM5883'),
(250, 'lk', '55588', '黄埔区', 'g h ju', '', '2015-03-10 05:17:19', '200.00', '2月5日uu', '15031001PM8385'),
(251, 'lk', '55588', '黄埔区', 'g h ju', '', '2015-03-10 05:21:52', '200.00', '5月5日j j', '15031001PM4247'),
(252, '看看咯偷懒', '2244535550', '越秀区', '喔紀錄天', '', '2015-03-24 08:43:48', '760.00', '52月555日5582', '15032404PM6866'),
(253, '看看咯偷懒', '2244535550', '越秀区', '喔紀錄天', '', '2015-03-24 09:05:20', '200.00', '5月6日566', '15032405PM8096'),
(254, 'rex', '13925011101', '天河区', '', '', '2015-03-24 09:37:24', '38.00', '03月31日16', '15032405PM5331'),
(255, 'rex', '13925011101', '天河区', '', '', '2015-03-24 09:38:18', '200.00', '03月31日16', '15032405PM1596'),
(256, '坚决肾6', '肾7', '黄埔区', '8：毌', '', '2015-03-24 11:47:33', '87.00', '11月111日111', '15032407PM3197'),
(257, '看看咯偷懒', '2244535550', '越秀区', '喔紀錄天', '', '2015-03-25 09:21:48', '400.00', '3月5日56', '15032505PM3564'),
(258, '看看咯偷懒', '2244535550', '越秀区', '喔紀錄天', '', '2015-03-25 09:25:19', '200.00', '5月5日586', '15032505PM2689');

-- --------------------------------------------------------

--
-- 表的结构 `order_cake`
--

CREATE TABLE IF NOT EXISTS `order_cake` (
  `ID` int(11) NOT NULL AUTO_INCREMENT,
  `OrderID` varchar(45) DEFAULT NULL,
  `Order_Price` varchar(45) DEFAULT '0',
  `Quantity` varchar(254) DEFAULT '1',
  PRIMARY KEY (`ID`)
) ENGINE=InnoDB  DEFAULT CHARSET=utf8 AUTO_INCREMENT=384 ;

--
-- 转存表中的数据 `order_cake`
--

INSERT INTO `order_cake` (`ID`, `OrderID`, `Order_Price`, `Quantity`) VALUES
(1, '1', '', ''),
(2, '2', '', ''),
(3, '3', '', ''),
(4, '4', '', ''),
(5, '5', '11', '10'),
(6, '6', '12312', '9'),
(7, '6', '123', '6'),
(8, '6', '111', '1'),
(9, '18', '123', '1'),
(10, '19', '123', '5'),
(11, '19', '12312', '1'),
(12, '20', '123', '5'),
(13, '21', '123', '3'),
(14, '22', '123', '4'),
(15, '23', '123', '3'),
(16, '24', '111', '1'),
(17, '25', '0', '1'),
(18, '26', '11111111', '4'),
(19, '27', '0', '1'),
(20, '28', '123', '3'),
(21, '29', '11111111', '1'),
(22, '30', '123', '3'),
(23, '32', '123', '1'),
(24, '33', '0', '1'),
(25, '35', '123', '1'),
(26, '36', '123', '1'),
(27, '37', '123', '1'),
(28, '38', '0', '4'),
(29, '39', '123', '1'),
(30, '40', '0', '1'),
(31, '41', '0', '1'),
(32, '41', '', '1'),
(33, '42', '11111111', '1'),
(34, '42', '123', '6'),
(35, '42', '222222', '1'),
(36, '43', '', '3'),
(37, '43', '1111111221', '3'),
(38, '43', '', '1'),
(39, '43', '213', '4'),
(40, '43', '12312.26', '1'),
(41, '44', '23', '1'),
(42, '46', '', '1'),
(43, '47', '9', '3'),
(44, '47', '', '3'),
(45, '48', '321', '1'),
(46, '48', '9', '1'),
(47, '48', '111', '23'),
(48, '48', '', '4'),
(49, '48', '', '1'),
(50, '48', '12312.26', '1'),
(51, '', '1111111221', '1'),
(52, '49', '1111111221', '1'),
(53, '50', '11111', '1'),
(54, '50', '9', '1'),
(55, '51', '9', '1'),
(56, '52', '1111111221', '1'),
(57, '53', '9', '1'),
(58, '56', '9', '1'),
(59, '57', '5', '8'),
(60, '57', '1111111221', '1'),
(61, '59', '1111111221', '1'),
(62, '60', '1111111221', '1'),
(63, '61', '12312.26', '1'),
(64, '62', '9', '1'),
(65, '63', '111', '1'),
(66, '64', '', '1'),
(67, '65', '', '1'),
(68, '66', '1111111221', '1'),
(69, '67', '', '1'),
(70, '68', '', '1'),
(71, '68', '23', '4'),
(72, '69', '1111111221', '1'),
(73, '70', '5', '1'),
(74, '71', '100', '2'),
(75, '71', '5', '1'),
(76, '72', '5', '1'),
(77, '73', '5', '4'),
(78, '73', '111', '1'),
(79, '74', '100', '5'),
(80, '74', '111', '1'),
(81, '74', '5', '1'),
(82, '75', '54', '2'),
(83, '76', '5', '1'),
(84, '77', '100', '1'),
(85, '78', '20', '5'),
(86, '78', '9', '1'),
(87, '79', '100', '1'),
(88, '80', '100', '3'),
(89, '81', '20', '1'),
(90, '81', '5', '4'),
(91, '81', '111', '1'),
(92, '81', '100', '2'),
(93, '82', '150', '4'),
(94, '83', '', '3'),
(95, '84', '9', '5'),
(96, '84', '42', '2'),
(97, '84', '100', '1'),
(98, '85', '5', '1'),
(99, '85', '210', '1'),
(100, '86', '100', '2'),
(101, '86', '9', '4'),
(102, '86', '3', '10'),
(103, '86', '54', '3'),
(104, '86', '0', '1'),
(105, '87', '2500', '1'),
(106, '88', '98', '1'),
(107, '89', '100', '4'),
(108, '89', '42', '11'),
(109, '90', '5', '3'),
(110, '90', '111', '1'),
(111, '91', '100', '1'),
(112, '92', '100', '1'),
(113, '93', '100', '2'),
(114, '93', '111', '9'),
(115, '94', '250', '3'),
(116, '94', '150', '1'),
(117, '95', '111', '5'),
(118, '95', '100', '4'),
(119, '95', '150', '1'),
(120, '96', '5', '1'),
(121, '97', '150', '2'),
(122, '98', '20', '11'),
(123, '98', '100', '1'),
(124, '99', '100', '1'),
(125, '100', '5', '4'),
(126, '100', '100', '2'),
(127, '101', '100', '1'),
(128, '102', '45', '2'),
(129, '103', '52', '4'),
(130, '103', '111', '1'),
(131, '103', '100', '4'),
(132, '104', '150', '4'),
(133, '104', '45', '1'),
(134, '105', '54', '6'),
(135, '106', '52', '5'),
(136, '107', '52', '4'),
(137, '107', '150', '3'),
(138, '108', '100', '1'),
(139, '109', '100', '1'),
(140, '110', '150', '3'),
(141, '110', '100', '11'),
(142, '111', '100', '1'),
(143, '112', '150', '1'),
(144, '112', '250', '1'),
(145, '113', '150', '4'),
(146, '113', '250', '1'),
(147, '114', '150', '4'),
(148, '114', '39', '1'),
(149, '115', '150', '1'),
(150, '116', '100', '1'),
(151, '117', '150', '4'),
(152, '117', '39', '1'),
(153, '118', '100', '4'),
(154, '118', '150', '4'),
(155, '118', '39', '1'),
(156, '119', '150', '4'),
(157, '119', '39', '1'),
(158, '120', '150', '5'),
(159, '121', '100', '4'),
(160, '122', '150', '4'),
(161, '122', '39', '1'),
(162, '123', '100', '2'),
(163, '124', '52', '1'),
(164, '124', '100', '3'),
(165, '124', '150', '6'),
(166, '124', '45', '33'),
(167, '124', '39', '1'),
(168, '124', '250', '6'),
(169, '124', '100', '1'),
(170, '125', '150', '4'),
(171, '125', '45', '1'),
(172, '126', '200', '6'),
(173, '126', '452', '1'),
(174, '127', '52', '2'),
(175, '128', '200', '2'),
(176, '129', '100', '7'),
(177, '129', '54', '1'),
(178, '129', '52', '36'),
(179, '129', '200', '2'),
(180, '130', '111', '4'),
(181, '130', '20', '1'),
(182, '130', '200', '6'),
(183, '131', '100', '1'),
(184, '131', '200', '4'),
(185, '132', '100', '4'),
(186, '133', '234', '1'),
(187, '133', '150', '33'),
(188, '133', '200', '1'),
(189, '133', '150', '5'),
(190, '133', '', '5'),
(191, '133', '', '5'),
(192, '133', '', '5'),
(193, '133', '', '5'),
(194, '133', '', '5'),
(195, '133', '', '5'),
(196, '133', '', '5'),
(197, '133', '', '5'),
(198, '134', '100', '4'),
(199, '134', '200', '1'),
(200, '135', '200', '1'),
(201, '135', '200', '1'),
(202, '137', '52', '1'),
(203, '137', '200', '1'),
(204, '137', '150', '2'),
(205, '138', '150', '1'),
(206, '139', '150', '26'),
(207, '139', '200', '3'),
(208, '139', '', '5'),
(209, '139', '', '5'),
(210, '139', '150', '5'),
(211, '139', '', '5'),
(212, '139', '', '5'),
(213, '139', '', '5'),
(214, '139', '', '5'),
(215, '139', '', '5'),
(216, '139', '', '5'),
(217, '140', '150', '1'),
(218, '140', '200', '6'),
(219, '140', '200', '1'),
(220, '142', '200', '1'),
(221, '142', '200', '6'),
(222, '143', '200', '3'),
(223, '144', '200', '1'),
(224, '145', '200', '3'),
(225, '146', '200', '1'),
(226, '146', '200', '1'),
(227, '147', '200', '1'),
(228, '148', '200', '1'),
(229, '149', '200', '1'),
(230, '150', '200', '1'),
(231, '151', '200', '1'),
(232, '152', '200', '5'),
(233, '152', '150', '1'),
(234, '153', '200', '2'),
(235, '154', '200', '3'),
(236, '155', '', '5'),
(237, '155', '', '5'),
(238, '155', '', '5'),
(239, '155', '', '5'),
(240, '155', '', '5'),
(241, '155', '', '5'),
(242, '155', '', '5'),
(243, '155', '', '5'),
(244, '155', '', '5'),
(245, '155', '', '5'),
(246, '155', '', '5'),
(247, '155', '', '5'),
(248, '155', '', '5'),
(249, '155', '', '5'),
(250, '155', '', '5'),
(251, '155', '200', '2'),
(252, '155', '150', '1'),
(253, '155', '200', '1'),
(254, '156', '200', '1'),
(255, '156', '200', '1'),
(256, '157', '150', '4'),
(257, '157', '54', '1'),
(258, '158', '200', '1'),
(259, '159', '', '2'),
(260, '159', '150', '2'),
(261, '159', '26', '5'),
(262, '159', '20', '9'),
(263, '159', '54', '8'),
(264, '160', '200', '2'),
(265, '161', '200', '4'),
(266, '161', '52', '2'),
(267, '162', '200', '4'),
(268, '162', '54', '1'),
(269, '163', '200', '4'),
(270, '163', '54', '1'),
(271, '164', '200', '4'),
(272, '164', '54', '1'),
(273, '165', '150', '4'),
(274, '165', '54', '1'),
(275, '166', '200', '1'),
(276, '167', '200', '1'),
(277, '168', '200', '1'),
(278, '169', '200', '1'),
(279, '170', '200', '8'),
(280, '170', '150', '2'),
(281, '175', '200', '1'),
(282, '175', '200', '1'),
(283, '176', '200', '1'),
(284, '177', '200', '1'),
(285, '180', '200', '1'),
(286, '181', '200', '2'),
(287, '182', '150', '1'),
(288, '184', '200', '1'),
(289, '185', '200', '1'),
(290, '186', '200', '1'),
(291, '187', '200', '1'),
(292, '188', '200', '1'),
(293, '189', '200', '1'),
(294, '190', '200', '1'),
(295, '191', '200', '1'),
(296, '192', '200', '1'),
(297, '193', '52', '1'),
(298, '194', '200', '1'),
(299, '196', '200', '1'),
(300, '198', '200', '1'),
(301, '201', '200', '1'),
(302, '201', '200', '1'),
(303, '202', '200', '1'),
(304, '203', '200', '1'),
(305, '205', '150', '1'),
(306, '207', '200', '1'),
(307, '211', '200', '1'),
(308, '213', '200', '1'),
(309, '214', '200', '1'),
(310, '215', '200', '1'),
(311, '216', '200', '1'),
(312, '217', '200', '1'),
(313, '218', '200', '2'),
(314, '219', '200', '1'),
(315, '220', '150', '1'),
(316, '220', '200', '2'),
(317, '221', '150', '1'),
(318, '222', '200', '1'),
(319, '222', '200', '1'),
(320, '223', '150', '1'),
(321, '224', '200', '2'),
(322, '225', '200', '2'),
(323, '227', '200', '1'),
(324, '227', '150', '1'),
(325, '228', '54', '1'),
(326, '229', '200', '1'),
(327, '230', '200', '1'),
(328, '231', '200', '1'),
(329, '232', '200', '1'),
(330, '233', '200', '1'),
(331, '234', '200', '1'),
(332, '235', '200', '1'),
(333, '236', '200', '1'),
(334, '237', '200', '1'),
(335, '238', '200', '2'),
(336, '238', '150', '1'),
(337, '239', '200', '1'),
(338, '240', '200', '2'),
(339, '241', '200', '1'),
(340, '242', '200', '1'),
(341, '243', '200', '1'),
(342, '244', '', '15'),
(343, '244', '', '15'),
(344, '244', '', '15'),
(345, '244', '', '15'),
(346, '244', '', '15'),
(347, '244', '', '15'),
(348, '244', '', '15'),
(349, '244', '', '15'),
(350, '244', '', '15'),
(351, '244', '', '15'),
(352, '244', '', '15'),
(353, '244', '', '15'),
(354, '244', '', '15'),
(355, '244', '', '15'),
(356, '244', '', '15'),
(357, '244', '200', '1'),
(358, '245', '200', '1'),
(359, '246', '200', '1'),
(360, '247', '150', '1'),
(361, '247', '200', '1'),
(362, '248', '200', '2'),
(363, '249', '200', '2'),
(364, '250', '200', '1'),
(365, '251', '200', '1'),
(366, '252', '200', '2'),
(367, '252', '', '5'),
(368, '252', '', '5'),
(369, '252', '', '5'),
(370, '252', '', '5'),
(371, '252', '', '5'),
(372, '252', '', '5'),
(373, '252', '', '5'),
(374, '252', '', '5'),
(375, '252', '', '5'),
(376, '252', '200', '2'),
(377, '253', '200', '1'),
(378, '254', '38', '1'),
(379, '255', '200', '1'),
(380, '256', '52', '1'),
(381, '257', '200', '1'),
(382, '257', '200', '1'),
(383, '258', '200', '1');

-- --------------------------------------------------------

--
-- 表的结构 `picture`
--

CREATE TABLE IF NOT EXISTS `picture` (
  `ID` int(11) NOT NULL AUTO_INCREMENT,
  `Name` varchar(254) DEFAULT NULL,
  `ProductID` varchar(254) DEFAULT NULL,
  `Sort` varchar(254) DEFAULT '99999',
  PRIMARY KEY (`ID`)
) ENGINE=InnoDB  DEFAULT CHARSET=utf8 AUTO_INCREMENT=467 ;

--
-- 转存表中的数据 `picture`
--

INSERT INTO `picture` (`ID`, `Name`, `ProductID`, `Sort`) VALUES
(172, 'u141210110319801.jpg', '30', '1'),
(173, 'u141210110319986.jpg', '30', '99999'),
(174, 'u14121011031919.jpg', '30', '99999'),
(175, 'u141210110319407.jpg', '30', '99999'),
(176, 'u141210110319878.jpg', '30', '99999'),
(177, 'u141210110319641.jpg', '30', '99999'),
(178, 'u141210110340494.jpg', '29', '99999'),
(179, 'u141210110340886.jpg', '29', '99999'),
(180, 'u141210110340585.jpg', '29', '1'),
(185, 'u141210110408617.jpg', '25', '99999'),
(186, 'u141210110408812.jpg', '25', '99999'),
(187, 'u141210110408361.jpg', '25', '99999'),
(188, 'u141210110408600.jpg', '25', '1'),
(189, 'u141210110428542.jpg', '24', '99999'),
(190, 'u141210110428856.jpg', '24', '99999'),
(191, 'u141210110428235.jpg', '24', '99999'),
(192, 'u141210110507471.jpg', '16', '99999'),
(193, 'u141210110507522.jpg', '16', '1'),
(194, 'u141210110507218.jpg', '16', '99999'),
(195, 'u141210110507932.jpg', '16', '99999'),
(196, 'u141210110507700.jpg', '16', '99999'),
(199, 'u141210110731114.jpg', '13', '99999'),
(200, 'u141210110731585.jpg', '13', '99999'),
(201, 'u141210110731800.jpg', '13', '99999'),
(202, 'u141210110731478.jpg', '13', '1'),
(203, 'u141210110731767.jpg', '13', '99999'),
(205, 'u141210110823169.jpg', '27', '99999'),
(206, 'u14121011082366.jpg', '27', '99999'),
(207, 'u1412101108232.jpg', '27', '99999'),
(208, 'u141210110910942.jpg', '8', '99999'),
(209, 'u141210110910857.jpg', '8', '99999'),
(210, 'u141210110910356.jpg', '8', '99999'),
(211, 'u141210110910666.jpg', '8', '99999'),
(212, 'u14121011091070.jpg', '8', '99999'),
(213, 'u141210110910457.jpg', '8', '99999'),
(214, 'u14121011114566.jpg', '28', '99999'),
(215, 'u141210111145100.jpg', '28', '99999'),
(216, 'u141210111145291.jpg', '28', '1'),
(217, 'u14121011122462.jpg', '26', '99999'),
(218, 'u141210111225415.jpg', '26', '99999'),
(219, 'u141210111225151.jpg', '26', '99999'),
(220, 'u141210111225573.jpg', '26', '99999'),
(221, 'u141210111225268.jpg', '26', '99999'),
(222, 'u141210111225120.jpg', '26', '99999'),
(227, 'u141210061105570.jpg', '45', '1'),
(228, 'u141210061105449.jpg', '45', '99999'),
(229, 'u141210061105313.jpg', '45', '99999'),
(230, 'u141210061156630.jpg', '46', '99999'),
(231, 'u14121006115683.jpg', '46', '99999'),
(232, 'u141210061156989.jpg', '46', '99999'),
(233, 'u141210061244423.jpg', '47', '99999'),
(234, 'u141210061244707.jpg', '47', '99999'),
(235, 'u141210061244345.jpg', '47', '99999'),
(236, 'u14121006133264.jpg', '48', '99999'),
(237, 'u14121006133278.jpg', '48', '99999'),
(238, 'u141210061332181.jpg', '48', '99999'),
(239, 'u141211110820790.jpg', '49', '1'),
(240, 'u141211110820512.jpg', '49', '99999'),
(241, 'u14121111082090.jpg', '49', '99999'),
(242, 'u141211110820875.jpg', '49', '99999'),
(243, 'u141211110903561.jpg', '50', '99999'),
(244, 'u141211110903956.jpg', '50', '99999'),
(245, 'u141211110903572.jpg', '50', '99999'),
(246, 'u141211111008452.jpg', '51', '99999'),
(247, 'u141211111008647.jpg', '51', '1'),
(248, 'u141211111519204.jpg', '52', '1'),
(250, 'u141211111519789.jpg', '52', '99999'),
(251, 'u141211111519419.jpg', '52', '99999'),
(252, 'u141211111519345.jpg', '52', '99999'),
(253, 'u141211111519967.jpg', '52', '99999'),
(254, 'u141211111710996.jpg', '53', '99999'),
(255, 'u14121111171084.jpg', '53', '99999'),
(256, 'u141211111710433.jpg', '53', '99999'),
(257, 'u141211111804645.jpg', '54', '99999'),
(258, 'u141211111804307.jpg', '54', '99999'),
(259, 'u14121111180489.jpg', '54', '99999'),
(260, 'u141211111804818.jpg', '54', '99999'),
(261, 'u141211111854880.jpg', '55', '99999'),
(262, 'u141211111854883.jpg', '55', '99999'),
(263, 'u141211111854413.jpg', '55', '99999'),
(264, 'u141211111935776.jpg', '56', '99999'),
(265, 'u141211111935987.jpg', '56', '99999'),
(266, 'u141211111935337.jpg', '56', '99999'),
(267, 'u141211112006566.jpg', '57', '1'),
(268, 'u141211112006734.jpg', '57', '99999'),
(269, 'u141211112006458.jpg', '57', '99999'),
(270, 'u141211123813847.jpg', '25', '99999'),
(271, 'u141211123813425.jpg', '25', '99999'),
(272, 'u141211123952252.jpg', '58', '1'),
(273, 'u141211123952741.jpg', '58', '99999'),
(274, 'u141211123952281.jpg', '58', '99999'),
(279, 'u141215034813776.jpg', '59', '1'),
(280, 'u14121503481384.jpg', '59', '99999'),
(281, 'u141215034813687.jpg', '59', '99999'),
(282, 'u141215034813772.jpg', '59', '99999'),
(283, 'u141215034813793.jpg', '59', '99999'),
(284, 'u141215034813944.jpg', '59', '99999'),
(285, 'u141215034955104.jpg', '60', '1'),
(286, 'u141215034955879.jpg', '60', '99999'),
(287, 'u141215034955854.jpg', '60', '99999'),
(288, 'u141215034955699.jpg', '60', '99999'),
(289, 'u141215034955239.jpg', '60', '99999'),
(290, 'u141215034955117.jpg', '60', '99999'),
(291, 'u141215035347178.jpg', '61', '1'),
(292, 'u141215035347194.jpg', '61', '99999'),
(293, 'u14121503534759.jpg', '61', '99999'),
(294, 'u14121503534781.jpg', '61', '99999'),
(295, 'u141215035521318.jpg', '62', '1'),
(296, 'u141215035521726.jpg', '62', '99999'),
(297, 'u141215035521127.jpg', '62', '99999'),
(298, 'u141215035521243.jpg', '62', '99999'),
(299, 'u141215040936160.jpg', '63', '99999'),
(300, 'u141215040936545.jpg', '63', '99999'),
(301, 'u141215040936548.jpg', '63', '99999'),
(302, 'u141215040936980.jpg', '63', '99999'),
(303, 'u141215040936994.jpg', '63', '99999'),
(304, 'u141215040936999.jpg', '63', '99999'),
(305, 'u141215041254315.jpg', '62', '99999'),
(306, 'u141215041254970.jpg', '62', '99999'),
(307, 'u141215041435132.jpg', '64', '1'),
(308, 'u141215041435889.jpg', '64', '99999'),
(309, 'u141215041435439.jpg', '64', '99999'),
(310, 'u141215041435185.jpg', '64', '99999'),
(311, 'u141215041435573.jpg', '64', '99999'),
(313, 'u141216103402433.jpg', '65', '1'),
(314, 'u141216103402772.jpg', '65', '99999'),
(315, 'u141216103402370.jpg', '65', '99999'),
(316, 'u141216103402833.jpg', '65', '99999'),
(317, 'u141216103402745.jpg', '65', '99999'),
(318, 'u141216114622755.jpg', '66', '1'),
(319, 'u141216114622321.jpg', '66', '99999'),
(320, 'u141216114622319.jpg', '66', '99999'),
(321, 'u141216114622522.jpg', '66', '99999'),
(322, 'u141216114622825.jpg', '66', '99999'),
(323, 'u141216114700534.jpg', '67', '99999'),
(324, 'u141216114700877.jpg', '67', '99999'),
(325, 'u141216114700352.jpg', '67', '99999'),
(326, 'u14121611470049.jpg', '67', '99999'),
(327, 'u141216114700566.jpg', '67', '99999'),
(328, 'u141216114737636.jpg', '68', '99999'),
(329, 'u141216114737109.jpg', '68', '99999'),
(330, 'u141216114737397.jpg', '68', '99999'),
(331, 'u1412161147379.jpg', '68', '99999'),
(332, 'u141216114737314.jpg', '68', '99999'),
(333, 'u141216114809137.jpg', '69', '1'),
(334, 'u141216114809336.jpg', '69', '99999'),
(335, 'u141216114809960.jpg', '69', '99999'),
(336, 'u141216114809131.jpg', '69', '99999'),
(337, 'u141216114809282.jpg', '69', '99999'),
(338, 'u141216043228704.jpg', '70', '1'),
(344, 'u141219052737168.jpg', '71', '1'),
(345, 'u141219052737164.jpg', '71', '99999'),
(346, 'u141219052737352.jpg', '71', '99999'),
(347, 'u141219052737148.jpg', '71', '99999'),
(348, 'u141219052737916.jpg', '71', '99999'),
(349, 'u141219052737842.jpg', '71', '99999'),
(350, 'u141229095558910.jpg', '72', '99999'),
(351, 'u141229095558590.jpg', '72', '99999'),
(352, 'u141229095558346.jpg', '72', '99999'),
(353, 'u141229095558347.jpg', '72', '99999'),
(354, 'u141229095558919.jpg', '72', '99999'),
(355, 'u141229095558203.jpg', '72', '99999'),
(356, 'u141229095935398.jpg', '73', '99999'),
(357, 'u141229095935715.jpg', '73', '99999'),
(358, 'u141229095935266.jpg', '73', '99999'),
(359, 'u141229095935520.jpg', '73', '99999'),
(360, 'u141229095935161.jpg', '73', '99999'),
(361, 'u141229095935504.jpg', '73', '99999'),
(364, 'u14122910012390.jpg', '75', '99999'),
(365, 'u141229100123938.jpg', '75', '99999'),
(366, 'u141229100123593.jpg', '75', '99999'),
(367, 'u141229100123327.jpg', '75', '99999'),
(368, 'u141229100123536.jpg', '75', '99999'),
(369, 'u14122910012326.jpg', '75', '99999'),
(370, 'u141229100800731.jpg', '76', '99999'),
(371, 'u141229100800963.jpg', '76', '99999'),
(372, 'u141229100800557.jpg', '76', '99999'),
(373, 'u141229100800692.jpg', '76', '99999'),
(374, 'u141229110849876.jpg', '77', '99999'),
(375, 'u141229115243637.jpg', '78', '99999'),
(376, 'u141229115243681.jpg', '78', '99999'),
(377, 'u141229115243682.jpg', '78', '99999'),
(378, 'u141229115243352.jpg', '78', '99999'),
(379, 'u141229115243986.jpg', '78', '99999'),
(380, 'u141229115243534.jpg', '78', '99999'),
(381, 'u141229115609919.jpg', '79', '99999'),
(383, 'u141229115704145.jpg', '81', '99999'),
(384, 'u141229115732575.jpg', '82', '99999'),
(385, 'u141229115928926.jpg', '83', '99999'),
(386, 'u141229115928802.jpg', '83', '99999'),
(387, 'u141229115928239.jpg', '83', '99999'),
(388, 'u141229115928146.jpg', '83', '99999'),
(389, 'u141229115928893.jpg', '83', '99999'),
(390, 'u141229115928731.jpg', '83', '99999'),
(391, 'u141229120012980.jpg', '84', '99999'),
(392, 'u141229120012289.jpg', '84', '99999'),
(393, 'u14122912001246.jpg', '84', '99999'),
(394, 'u141229120046638.jpg', '85', '99999'),
(395, 'u141229120122900.jpg', '86', '99999'),
(396, 'u141229120149491.jpg', '87', '99999'),
(397, 'u141229024856144.jpg', '88', '99999'),
(398, 'u141229024948582.jpg', '89', '99999'),
(399, 'u141229025023176.jpg', '90', '1'),
(400, 'u141229025153688.jpg', '91', '1'),
(401, 'u141229025404201.jpg', '92', '1'),
(402, 'u141229025404981.jpg', '92', '99999'),
(403, 'u141229025404537.jpg', '92', '99999'),
(404, 'u141229025404569.jpg', '92', '99999'),
(405, 'u14122902540496.jpg', '92', '99999'),
(406, 'u141229025404837.jpg', '92', '99999'),
(407, 'u141229025542179.jpg', '93', '1'),
(408, 'u141229025542801.jpg', '93', '99999'),
(409, 'u141229025542662.jpg', '93', '99999'),
(410, 'u141229025542258.jpg', '93', '99999'),
(411, 'u141229025542253.jpg', '93', '99999'),
(412, 'u141229025542834.jpg', '93', '99999'),
(413, 'u141229035945887.jpg', '94', '1'),
(414, 'u141229035945839.jpg', '94', '99999'),
(415, 'u141229035945186.jpg', '94', '99999'),
(416, 'u141229035945694.jpg', '94', '99999'),
(417, 'u141229035945404.jpg', '94', '99999'),
(418, 'u141229035945804.jpg', '94', '99999'),
(419, 'u150106030223550.jpg', '95', '99999'),
(420, 'u150106030223933.jpg', '95', '99999'),
(421, 'u150106030223468.jpg', '95', '99999'),
(422, 'u150106030223569.jpg', '95', '99999'),
(423, 'u150106030223744.jpg', '95', '99999'),
(424, 'u150106030223361.jpg', '95', '1'),
(428, 'u150113104714252.jpg', '49', '99999'),
(429, 'u150113105416578.jpg', '52', '99999'),
(462, 'u150115103148756.jpg', '96', '1'),
(463, 'u150115103148963.jpg', '96', '99999'),
(464, 'u150115103148239.jpg', '96', '99999'),
(465, 'u150115103205296.jpg', '23', '99999'),
(466, 'u150115103205291.jpg', '23', '1');

-- --------------------------------------------------------

--
-- 表的结构 `ser_phone`
--

CREATE TABLE IF NOT EXISTS `ser_phone` (
  `Id` int(11) NOT NULL AUTO_INCREMENT,
  `phoneNum` varchar(255) DEFAULT NULL COMMENT '电话号码',
  `dis` varchar(1) DEFAULT '1' COMMENT '是否在前台显示',
  `type` varchar(2) DEFAULT '' COMMENT '号码类型（固话，手机）',
  PRIMARY KEY (`Id`)
) ENGINE=InnoDB  DEFAULT CHARSET=utf8 COMMENT='客服电话' AUTO_INCREMENT=5 ;

--
-- 转存表中的数据 `ser_phone`
--

INSERT INTO `ser_phone` (`Id`, `phoneNum`, `dis`, `type`) VALUES
(1, '020-82054272', '1', '0'),
(2, '13580531625', '1', '1'),
(3, '12345678919', '0', '1'),
(4, '12345678915', '0', '1');

-- --------------------------------------------------------

--
-- 表的结构 `stop_cake`
--

CREATE TABLE IF NOT EXISTS `stop_cake` (
  `ID` int(11) NOT NULL AUTO_INCREMENT,
  `Name` varchar(254) DEFAULT NULL,
  `OneClass` varchar(254) DEFAULT NULL,
  `TwoClass` varchar(254) DEFAULT NULL,
  `Price` varchar(254) DEFAULT NULL,
  `PromotionPrice` varchar(254) DEFAULT NULL,
  `Details` varchar(254) DEFAULT NULL,
  `Promotion` varchar(254) DEFAULT NULL,
  `Hot` varchar(254) DEFAULT NULL,
  `UpdateTime` timestamp NULL DEFAULT CURRENT_TIMESTAMP ON UPDATE CURRENT_TIMESTAMP,
  `Number` varchar(45) DEFAULT NULL,
  `Order` text,
  `Ordershow` varchar(10) DEFAULT NULL,
  PRIMARY KEY (`ID`)
) ENGINE=InnoDB  DEFAULT CHARSET=utf8 AUTO_INCREMENT=25 ;

--
-- 转存表中的数据 `stop_cake`
--

INSERT INTO `stop_cake` (`ID`, `Name`, `OneClass`, `TwoClass`, `Price`, `PromotionPrice`, `Details`, `Promotion`, `Hot`, `UpdateTime`, `Number`, `Order`, `Ordershow`) VALUES
(24, '8888888888', '3', '8', '88888', '', '88888888888888', '', 'Yes', '2014-11-27 03:25:32', NULL, NULL, NULL);

-- --------------------------------------------------------

--
-- 表的结构 `temp_remarks`
--

CREATE TABLE IF NOT EXISTS `temp_remarks` (
  `ID` int(11) NOT NULL AUTO_INCREMENT,
  `Remarks` text,
  `UserID` varchar(254) DEFAULT NULL,
  `UpdateTime` timestamp NULL DEFAULT CURRENT_TIMESTAMP ON UPDATE CURRENT_TIMESTAMP,
  `temp_Price` varchar(254) DEFAULT '0',
  PRIMARY KEY (`ID`)
) ENGINE=InnoDB  DEFAULT CHARSET=utf8 AUTO_INCREMENT=209 ;

--
-- 转存表中的数据 `temp_remarks`
--

INSERT INTO `temp_remarks` (`ID`, `Remarks`, `UserID`, `UpdateTime`, `temp_Price`) VALUES
(1, 'dsfadf', '5cf7fd6279979c045ec9b17ce0188be11417579230', '2014-12-08 05:59:51', '314.00'),
(2, 'e w r d we d', 'ba51dc0aceca01e5aa8a4c59974cc97c1418119427', '2014-12-09 03:18:36', '0'),
(3, '在', '43b82ae7957224fc9c48e8bc8b945c971418002821', '2014-12-09 04:05:21', '0'),
(11, '', 'e48dd3eec39aa3f7f37f942fb66484121417675668', '2014-12-10 08:15:24', '0.00'),
(15, '', '82695eded126f099db0023fecf20135e1416986565', '2014-12-10 09:45:01', '0'),
(21, '', '9a196d5874bc74dc4f336a5f18f175391417750596', '2014-12-11 04:15:04', '54.00'),
(23, '', '6bc19779034243cfbd6537c4491359181417767951', '2014-12-13 08:39:30', '300.00'),
(25, '', '2344b9a80dfe1a8711beb667a0ba0b201418721400', '2014-12-25 06:43:48', '504.00'),
(35, '', '7a6d96021a65f43d46b2a42817faf4561419377775', '2014-12-24 14:12:35', '660.00'),
(40, 'df', 'ff6899b412181cf9a7fb045b2e6414531418606338', '2014-12-26 07:15:24', '420.00'),
(43, '若需地若需 魂牵梦萦城大苏打', '57b7102b402c33bd332c0edc2c796a931417749501', '2014-12-25 06:48:15', '480.00'),
(45, '4852', '04026a75e455806f27310c193a981e6b1417758371', '2014-12-26 09:04:41', '270.00'),
(46, '4852', '04026a75e455806f27310c193a981e6b1417758371', '2014-12-26 09:04:41', '100.00'),
(48, '不提了', '5648de6936d7fa8e5d0aa0f647a131841416968174', '2014-12-26 08:36:47', '984.00'),
(51, '头发隔夜饭成', 'a60fd5b0e0636204734a7d360b382ab41418789005', '2014-12-26 08:49:37', '720.00'),
(52, '好是咯咯啊咯咯', 'b9def3f30c49aafe613e5a8a719cb5601417239274', '2014-12-26 10:01:33', '333.00'),
(53, '', '96622b3da2eb1db969a5c41984258db11417873970', '2014-12-26 14:04:28', '0.00'),
(54, '乙！飞！那', '0f0c7252935201287f8a64cbc2037f6c1419663000', '2014-12-29 09:59:32', '150.00'),
(55, '乙！飞！那', '', '2015-01-22 12:11:11', '350.00'),
(57, '坚强的人', '7653af42a020d256517176fde072a8a91420359398', '2015-01-05 06:50:26', '1268.00'),
(59, '486', '1ac354420686eee301c405e302626fd41420426317', '2015-01-16 07:33:45', '100.00'),
(60, '', '07aa0a824d4ab9b78ea938776dad3cbd1420429592', '2015-01-09 02:49:12', '622.00'),
(64, '近距离阿阿不', '863b0d2744d367b2b190a5c22637d98a1420437165', '2015-01-05 05:53:09', '100.00'),
(71, '', 'd55dcb434f0010444f14a70ce07c43c71420423455', '2015-01-22 12:37:02', '268.00'),
(72, '', '1d6e5d098508d0b02cbf0c9489ce5fc51420440031', '2015-01-05 06:42:45', '150.00'),
(73, '', 'e22e8a7bb76e0d67c2cdd62af469c5d01420440215', '2015-01-05 06:44:48', '39.00'),
(77, '', 'd6961dc916b85b3b89ef5bc976f39aa01420456851', '2015-01-08 08:54:08', '722.00'),
(78, '', '8130f26dbad9f75444da7f38f343eb351420429891', '2015-01-06 02:51:03', '150.00'),
(83, '卡卡', '3eeaae59fd257ef55ba5a5db70d8ad9c1420369460', '2015-01-10 14:16:46', '380.00'),
(84, '家里', 'd272469c4f7ccd7936666cdaff5608f21420511926', '2015-01-11 09:03:44', '250.00'),
(85, '家里', 'd272469c4f7ccd7936666cdaff5608f21420511926', '2015-01-11 09:02:29', '250.00'),
(90, '', '91947b330fc6dc7256e9bc55270218521421029803', '2015-01-15 11:21:07', '596.00'),
(93, '452420', 'b02c035853fa6e8faca5859accce763f1421393980', '2015-01-16 08:05:34', '190.00'),
(95, '', '9a33394d4401682b273ea93043d3124b1421655212', '2015-01-23 01:22:53', '200.00'),
(102, '', 'a2dc099ca6916f30561dfdf2c5a0d3981420518302', '2015-01-27 07:23:36', '204.00'),
(110, '', 'fc7a814ffed1d41fd79bf52ed760f6c91422243278', '2015-02-06 09:06:23', '200.00'),
(114, '', '76b70ecf8e50f69012f447505d708c361423815863', '2015-02-13 08:24:32', '150.00'),
(119, '', '80c312bd7d52077e05dfe36ef23b37041424143468', '2015-02-17 03:24:33', '200.00'),
(133, '', '8eef1f8c4964a5c3ee9b4dfc527cc2e81424159589', '2015-02-17 08:00:11', '200.00'),
(161, '', '6ab4f754047d38aee9a9c66a2f40bdd21421027421', '2015-02-27 03:34:35', '380.00'),
(163, '', '7e0ace0722ef9264d6e6bd456415eba21424828816', '2015-02-26 10:45:16', '200.00'),
(191, '', '4d3f421c343c8f691d67a5147f0e515f1425029532', '2015-03-03 07:02:37', '0.00'),
(193, '', 'c27f19b62730a1e1db4a51f9c6c617391425372233', '2015-03-03 08:45:19', '380.00'),
(198, '', 'c4eff90dcd84b9a5efbfc2068d9f9c721425549334', '2015-03-17 02:30:40', '570.00'),
(203, '', '89e72af06d06c283f69410c00b35b4701427189717', '2015-03-24 09:38:30', '200.00'),
(204, '', 'd2aa3d5070d00327dad5f726e2a7b2841427190782', '2015-03-24 09:53:49', '185.00'),
(206, '', '3f2943f5d6b44f8799a88dffd605aa9b1423725958', '2015-03-24 11:48:13', '87.00'),
(208, '', 'f0ab7bf9a1e547ed48dbff146ff1f2be1419921874', '2015-03-26 01:25:44', '200.00');

-- --------------------------------------------------------

--
-- 表的结构 `temp_usrinfo`
--

CREATE TABLE IF NOT EXISTS `temp_usrinfo` (
  `Id` int(11) NOT NULL AUTO_INCREMENT,
  `UserID` varchar(255) DEFAULT NULL,
  `Name` varchar(255) DEFAULT NULL,
  `Phone` varchar(255) DEFAULT NULL,
  `City` varchar(255) DEFAULT NULL,
  `Address` varchar(255) DEFAULT NULL,
  `SelfGet` varchar(255) NOT NULL DEFAULT '0',
  `HasFreight` varchar(255) NOT NULL DEFAULT '1',
  `Shop` varchar(255) DEFAULT NULL,
  `DateTime` varchar(255) NOT NULL,
  PRIMARY KEY (`Id`)
) ENGINE=InnoDB  DEFAULT CHARSET=utf8 AUTO_INCREMENT=48 ;

--
-- 转存表中的数据 `temp_usrinfo`
--

INSERT INTO `temp_usrinfo` (`Id`, `UserID`, `Name`, `Phone`, `City`, `Address`, `SelfGet`, `HasFreight`, `Shop`, `DateTime`) VALUES
(1, 'e7c993f8d432f8a7c538792cd6c73c4a1416278287', 'Le', '2333', NULL, 'guangzhou', '1', '0', '华师店', ''),
(2, '5cf7fd6279979c045ec9b17ce0188be11417579230', 'sddfa', 'dfsdf', NULL, 'dfgd', '0', '1', NULL, ''),
(3, '6175ffbf63edeb97038497fa2bca49101417676724', '1231231', '23124√√√√√√√√√√√√√√√√√√√√√√√√√√√√√√√√√√√√√√√√√√√√√√√√√√√√√√√√√√√√√√√√√√√√√√√√√√√√√√', NULL, '124312asdf√√√√√√√√√√√√√√√√√√√√√√√√√√√√√√√√√√√√√√√√√√√√√√√√√√√√√√√√√√√√√√√√√√√√√√√√√√√√√√√√√√√√√√√√√√√√√√√√√√√√√√√√', '0', '1', NULL, ''),
(4, '04026a75e455806f27310c193a981e6b1417758371', 'asdfa', 'dsaf', '--', 'dsfa', '1', '0', '--', ''),
(5, 'e48dd3eec39aa3f7f37f942fb66484121417675668', 'ASFAS', 'FASDF', NULL, 'ASDFASDF', '0', '1', NULL, ''),
(6, '5648de6936d7fa8e5d0aa0f647a131841416968174', '阿卡丽', '426566', '天河区', '你咯', '0', '0', '克山店', ''),
(7, '96622b3da2eb1db969a5c41984258db11417873970', '哈', 'yu u h gyu u h g', '白云区', 'yhhgft哥哥哥哥哥哥个反反复复反复f f f f g g g g g g h y y y yf f f f g g g g g g h y y y y', '0', '0', '执信店', ''),
(8, '82695eded126f099db0023fecf20135e1416986565', 'd s d', 's d f', NULL, 's d', '0', '1', NULL, ''),
(9, 'a156e33731c3b2a4f5d266e11d4a0d061418179818', 'rao', 'wjjeje', NULL, '上市', '0', '1', NULL, ''),
(10, '6bc19779034243cfbd6537c4491359181417767951', NULL, NULL, NULL, NULL, '0', '1', NULL, ''),
(11, '57b7102b402c33bd332c0edc2c796a931417749501', 'sdfdfa', '4524524', '天河区', 'sadfadfsdfasd', '1', '0', '华师店', ''),
(12, 'ff6899b412181cf9a7fb045b2e6414531418606338', 'kl', 'n', '海珠区', 'k', '0', '0', '机场西店', ''),
(13, '2344b9a80dfe1a8711beb667a0ba0b201418721400', NULL, NULL, '白云区', NULL, '0', '1', NULL, ''),
(14, '509c07cf63ebf9c3efb131efd928e6ee1417490376', '不', '是', '海珠区', '是', '0', '1', NULL, ''),
(15, '0f0c7252935201287f8a64cbc2037f6c1419663000', '丨！我', NULL, '--', NULL, '1', '0', '军医大店', ''),
(16, '6cd1b28c4c9a6c8cf52f1001762f23f31419911179', '564123', '156465', '白云区', '1002154', '0', '0', '--', ''),
(17, '3eeaae59fd257ef55ba5a5db70d8ad9c1420369460', 'pppu', '22', '黄埔区', NULL, '1', '0', '暨南大学店', '月日'),
(18, '7653af42a020d256517176fde072a8a91420359398', NULL, NULL, '黄埔区', NULL, '0', '0', '大学城店', ''),
(19, 'f0ab7bf9a1e547ed48dbff146ff1f2be1419921874', '看看咯偷懒', '2244535550', '越秀区', '喔紀錄天', '1', '0', '执信店', '5月5日555'),
(20, '07aa0a824d4ab9b78ea938776dad3cbd1420429592', NULL, NULL, '--', NULL, '0', '0', '--', '月日'),
(21, 'd55dcb434f0010444f14a70ce07c43c71420423455', '12', '52758528727', '白云区', '0120101', '0', '0', '华师店', '1月1日01'),
(22, '863b0d2744d367b2b190a5c22637d98a1420437165', NULL, NULL, '--', NULL, '1', '0', '华师店', ''),
(23, '1d6e5d098508d0b02cbf0c9489ce5fc51420440031', NULL, NULL, '--', NULL, '0', '1', '--', ''),
(24, 'e22e8a7bb76e0d67c2cdd62af469c5d01420440215', NULL, NULL, '--', NULL, '1', '0', '伍仙桥店', ''),
(25, '0e95c84e700f8f2022c67703442ca6941420441097', '黎伟杰', '13266333881', '越秀区', '京溪路口', '0', '0', '暨南大学店', ''),
(26, 'd6961dc916b85b3b89ef5bc976f39aa01420456851', NULL, NULL, '白云区', NULL, '0', '1', '--', ''),
(27, '8130f26dbad9f75444da7f38f343eb351420429891', '黎伟杰', '13266333881', '黄埔区', '京溪', '0', '1', '--', ''),
(28, '1ac354420686eee301c405e302626fd41420426317', '黎伟杰', NULL, '--', NULL, '1', '0', '--', '01月0日20120'),
(29, 'd272469c4f7ccd7936666cdaff5608f21420511926', '二1211', '255555', '天河区', '幽默', '1', '0', '东区店', ''),
(30, '6ab4f754047d38aee9a9c66a2f40bdd21421027421', 'll', 'll', '白云区', 'hj', '0', '0', '--', '1月2日344'),
(31, '91947b330fc6dc7256e9bc55270218521421029803', 't t', '22', '--', 't yu h', '0', '0', '--', '月日'),
(32, 'b02c035853fa6e8faca5859accce763f1421393980', '0120120', '021', '--', NULL, '0', '0', '--', '月日'),
(33, '9a33394d4401682b273ea93043d3124b1421655212', 'yy', '12554362563', '--', NULL, '1', '0', '暨南大学店', '5月1日5：56'),
(34, 'fc7a814ffed1d41fd79bf52ed760f6c91422243278', 'g g', '55', '黄埔区', 'j j j', '0', '0', '--', '2月66日h j j'),
(35, 'a2dc099ca6916f30561dfdf2c5a0d3981420518302', '阿里里', '2155', '海珠区', '家', '0', '0', '--', '5月2日12:54'),
(36, 'b2bc648d7e785985b5bdb9d716fa2ff41423296515', 'h h', '22355', '黄埔区', 'hij', '0', '0', '--', ''),
(37, '76b70ecf8e50f69012f447505d708c361423815863', 'wing', '12222222222', '天河区', NULL, '1', '0', '东莞庄店', '5月5日55'),
(38, '80c312bd7d52077e05dfe36ef23b37041424143468', '近不近', '25586686', '黄埔区', '近距离拒绝', '0', '0', '--', '3月2日1285'),
(39, '8eef1f8c4964a5c3ee9b4dfc527cc2e81424159589', 'rex', '1251545', '--', NULL, '1', '0', '东区店', '02月25日15'),
(40, '7e0ace0722ef9264d6e6bd456415eba21424828816', 'li', '556852', '天河区', 'hjjjh', '0', '0', '--', '5月22日gu'),
(41, '4d3f421c343c8f691d67a5147f0e515f1425029532', 'uuu', '22555', '黄埔区', 'yu uh', '1', '0', '机场西店', '2月5日uu'),
(42, '3f2943f5d6b44f8799a88dffd605aa9b1423725958', '坚决肾6', '肾7', '黄埔区', '8：毌', '0', '1', '--', '月日'),
(43, '8844b268dc521c607cd995ef330f33f71425108894', 'rex', '13924584815', '海珠区', 'h h sh sh j s', '0', '1', '--', ''),
(44, 'c27f19b62730a1e1db4a51f9c6c617391425372233', '是', '558', '海珠区', '555', '0', '0', '--', '5月55日52'),
(45, 'c4eff90dcd84b9a5efbfc2068d9f9c721425549334', 'lk', '55588', '黄埔区', 'g h ju', '0', '0', '--', '3月3日hi'),
(46, '89e72af06d06c283f69410c00b35b4701427189717', 'rex', '13925011101', '天河区', NULL, '1', '0', '滨江东店', '03月31日16'),
(47, 'd2aa3d5070d00327dad5f726e2a7b2841427190782', 'fa y', '18620285711', '海珠区', NULL, '0', '1', '东区店', '3月31日18:00');

/*!40101 SET CHARACTER_SET_CLIENT=@OLD_CHARACTER_SET_CLIENT */;
/*!40101 SET CHARACTER_SET_RESULTS=@OLD_CHARACTER_SET_RESULTS */;
/*!40101 SET COLLATION_CONNECTION=@OLD_COLLATION_CONNECTION */;
