-- phpMyAdmin SQL Dump
-- version 3.4.10.1
-- http://www.phpmyadmin.net
--
-- 主机: localhost
-- 生成日期: 2015 年 11 月 27 日 08:56
-- 服务器版本: 5.5.20
-- PHP 版本: 5.3.10

SET SQL_MODE="NO_AUTO_VALUE_ON_ZERO";
SET time_zone = "+00:00";


/*!40101 SET @OLD_CHARACTER_SET_CLIENT=@@CHARACTER_SET_CLIENT */;
/*!40101 SET @OLD_CHARACTER_SET_RESULTS=@@CHARACTER_SET_RESULTS */;
/*!40101 SET @OLD_COLLATION_CONNECTION=@@COLLATION_CONNECTION */;
/*!40101 SET NAMES utf8 */;

--
-- 数据库: `macchiato`
--

-- --------------------------------------------------------

--
-- 表的结构 `administrator`
--

CREATE TABLE IF NOT EXISTS `administrator` (
  `ID` int(11) NOT NULL AUTO_INCREMENT,
  `UserName` varchar(254) DEFAULT NULL,
  `Password` varchar(254) DEFAULT NULL,
  `CheckID` varchar(254) DEFAULT NULL,
  PRIMARY KEY (`ID`)
) ENGINE=InnoDB  DEFAULT CHARSET=utf8 AUTO_INCREMENT=3 ;

--
-- 转存表中的数据 `administrator`
--

INSERT INTO `administrator` (`ID`, `UserName`, `Password`, `CheckID`) VALUES
(1, 'BMW730', '4297f44b13955235245b2497399d7a93', '753756ca7d6fa77daf7e1a1044b2e14c'),
(2, 'macchiato', '4297f44b13955235245b2497399d7a93', 'c0721f82f4ecc677c0dfd4b2bb5fd629');

-- --------------------------------------------------------

--
-- 表的结构 `cake`
--

CREATE TABLE IF NOT EXISTS `cake` (
  `ID` int(11) NOT NULL AUTO_INCREMENT,
  `Name` varchar(254) DEFAULT NULL,
  `OneClass` varchar(254) DEFAULT NULL,
  `TwoClass` varchar(254) DEFAULT NULL,
  `Price` varchar(254) DEFAULT NULL,
  `PromotionPrice` varchar(254) DEFAULT NULL,
  `Details` varchar(254) DEFAULT NULL,
  `Promotion` varchar(254) DEFAULT NULL,
  `Hot` varchar(254) DEFAULT NULL,
  `UpdateTime` timestamp NULL DEFAULT CURRENT_TIMESTAMP ON UPDATE CURRENT_TIMESTAMP,
  `Number` varchar(45) DEFAULT NULL,
  `Order` text,
  `Ordershow` varchar(10) DEFAULT NULL,
  PRIMARY KEY (`ID`)
) ENGINE=InnoDB  DEFAULT CHARSET=utf8 AUTO_INCREMENT=121 ;

--
-- 转存表中的数据 `cake`
--

INSERT INTO `cake` (`ID`, `Name`, `OneClass`, `TwoClass`, `Price`, `PromotionPrice`, `Details`, `Promotion`, `Hot`, `UpdateTime`, `Number`, `Order`, `Ordershow`) VALUES
(105, '朱古力芒果布丁', '1', '1', '188', '168', '    芒果的清新和巧克力的醇厚碰撞，美味难却，擦出了舌尖上的火花。金黄色的幼滑芒果布丁口感酸甜清爽，很好的中和了巧克力的甜腻感。两种风味奇妙地搭配，看似不露痕迹的交织，尽享爱的清纯与甜美。', '', 'Yes', '2015-01-18 02:23:51', 'GQ002', '须提前24小时订购', '1'),
(106, '恶魔巧克力', '1', '1', '188', '168', '    特別為鐘情於巧克力醇厚的你準備，浓郁醇厚的巧克力蛋糕和香滑奶油的完美碰撞，加入酥脆的奥利奥曲奇，总让人有吃冰淇淋的错觉。绝妙的口感，在唇齿间绽放。浓醇黑巧克力带来的诱惑，每一口都值得让人闭上眼睛细细品味。', '', 'Yes', '2015-01-17 13:39:27', 'GQ001', '须提前24小时订购', '1'),
(107, '焦糖巧克力新地', '1', '1', '188', '', '    口感扎实而湿润的巧克力布朗尼在唇齿间释放诱人浓郁，混合芳香的焦糖香蕉和酥脆浓郁的核桃，还有清香的朗姆酒，将一小块蛋糕送进嘴里，无比美妙的滋味马上弥漫开来，一场富丽难忘的味觉之旅，让人迷醉。', '', '', '2015-01-18 02:32:27', 'GQ003', '须提前24小时订购', '1'),
(108, '牛油果巧克力', '1', '1', '188', '', '      一层松软口感纯正的巧克力蛋糕，一层醇浓微苦的咖啡奶油，再附上薄脆的牛油果芳香，三重美妙滋味触动心弦，层层丰富滋味，为你演绎柔情缠绵的极致浪漫。', '', 'Yes', '2015-01-17 13:39:40', 'GQ004', '须提前24小时订购', '1'),
(109, '蓝莓芝士蛋糕', '1', '2', '188', '', '   新鲜蓝莓清甜可口、果肉细腻，具有世界水果之王的美誉，其丰富的营养成分具有保护视力、增强人体免疫力等功能，老少皆宜。蛋糕上层满满的新鲜蓝莓，配以醇厚芝士蛋糕底，甜酸适口，香爽宜人，崇尚健康美丽的你不容错过哦。', '', 'Yes', '2015-01-17 13:42:28', 'ZS001', '须提前24小时订购', '1'),
(110, '薄脆奥地利巧克力', '1', '1', '188', '', '  奥地利巧克力给人带来能量与幸福，燕麦薄脆酥饼给人带来酥脆口感。两者相搭配，让蛋糕有了不一样的味觉体验。一口咬下，品尝到的只是浓醇巧克力。但接着，咬破微脆的巧克力硬壳，在这层硬壳之下，是混合了淡奶油的酥脆燕麦酥饼。一层一层递进的滋味在口腔里弥漫开来的时候，除了闭上眼睛享受，其他任何描述都是多余。', '', '', '2015-01-18 07:00:48', 'GQ005', '', ''),
(111, '草莓迷宫巧克力', '1', '1', '188', '', '  这绝对不仅仅是一个蛋糕，它是一件完美的艺术品。Mocchiato呈现蛋糕新时代，极尽味觉诱惑。巧克力饼干和蛋糕与松化燕麦的组合，口感酥脆，配以新鲜草莓和浓醇巧克力，不同馅料的完美组合，带来无穷多的创意口味。一咬下去，酥饼便应声裂开，绽放意想不到的惊喜！', '', '', '2015-01-18 07:00:24', 'GQ006', '须提前24小时订购', '1'),
(112, '黑玫瑰馨语', '1', '1', '188', '', '   关于巧克力，关于爱情。Macchiato纯手工用心为您献上一份浪漫的祝福，每一朵娇艳的花朵、叶子及覆面均由浓醇巧克力制作而成，搭配特浓巧克力蛋糕以及甜蜜欲滴的果酱，从里到外的浪漫诱惑，定会使你的内心泛起涟漪。\r\n', '', '', '2015-01-18 06:59:53', 'GQ007', '须提前24小时订购', '1'),
(113, '巧克力锦囊', '1', '1', '188', '', '    在一层纯正巧克力做的锦囊里蕴藏着玫瑰与草莓美味相互搭配的朱古力蛋糕，不但在味觉上带你带来不一样的感受还在视觉上披上了一层神秘的面纱。', '', '', '2015-01-18 02:31:01', 'GQ008', '须提前24小时订购', '1'),
(114, '香草奶油芝士蛋糕', '1', '2', '188', '', '原味芝士厚重的醇香感像极了咖啡馆里的乡村音乐，那些过往的纷繁萦绕，随着岁月的累积沉淀，赋予出简单的生活智慧。浓郁奶酪蛋糕底加上细腻香草奶油蛋糕顶，绵润而入口即化的口感，浑然天成，无比诱惑。', '', 'Yes', '2015-01-17 13:42:38', 'ZS002', '须提前24小时订购', '1'),
(115, '浓情草莓芝士', '1', '2', '188', '', ' 精选新鲜大草莓，粒粒鲜甜饱满多汁。浓郁柔滑的芝士蛋糕搭配香甜的草莓，口感细腻，酸甜可口，每一口，都尝到犹如初恋般的幸福滋味。', '', '', '2015-01-17 13:17:05', 'ZS004', '须提前24小时订购', '1'),
(116, '蔓越莓之恋', '1', '2', '188', '', '精心选用厚实多肉的蔓越莓果酱，带来馥郁蔓越莓滋味。配合细腻芝士和淡淡的奶油，让你纵情享受这味觉盛宴。', '', '', '2015-01-18 02:30:32', 'ZS003', '须提前24小时订购', '1'),
(117, '水果缤纷芝士派', '1', '2', '198', '', '浓浓的芝士味与清新甜蜜的水果相搭配，蕴藏着甜蜜浪漫的温馨情怀。丰富果料的满足感配合浓郁酥松的派皮，恰到好处的口味与口感的结合，让您的味蕾与感官完全得到满足。', '', 'Yes', '2015-01-18 02:26:04', 'ZS005', '须提前24小时订购', '1'),
(118, '提拉米苏', '1', '2', '188', '', '在意文里的意思是“带我走，拉我起来”，意指吃了此等美味，就会幸福得飘飘然、宛如登上仙境。随着种种浪漫传说的流传，提拉米苏蛋糕逐渐成了爱与情的代名词。直至今日。当提拉米苏那香甜的口感回味在女孩口中时，相信心里也会是无比甜蜜的。本蛋糕采用纯正马斯卡彭奶酪，为您奉上纯正的意大利滋味。', '', '', '2015-01-17 13:13:48', 'ZS006', '须提前24小时订购', '1'),
(119, '白雪草莓物语', '1', '1', '188', '', '缤纷草莓和浓醇巧克力倾心碰撞，由里及表透着草莓的清新，让人不禁联想起美丽的邂逅，柔软细腻的巧克力戚风蛋糕，幼滑香甜的草莓果酱夹心，简简单单的搭配，醇厚美味超乎想象，令人回味无穷。', '', '', '2015-01-18 03:15:43', 'GQ009', '须提前24小时订购', '1'),
(120, '焦糖香蕉核桃魔方', '1', '1', '188', '', '口感扎实而湿润的巧克力布朗尼在唇齿间释放诱人浓郁，混合芳香的焦糖香蕉和酥脆浓郁的核桃，还有清香的朗姆酒，将一小块蛋糕送进嘴里，无比美妙的滋味马上弥漫开来，一场富丽难忘的味觉之旅，让人迷醉。', '', '', '2015-01-19 06:16:34', 'GQ009', '须提前24小时订购', '1');

-- --------------------------------------------------------

--
-- 表的结构 `cart`
--

CREATE TABLE IF NOT EXISTS `cart` (
  `ID` bigint(20) NOT NULL AUTO_INCREMENT,
  `CakeID` varchar(254) DEFAULT NULL,
  `Quantity` varchar(254) DEFAULT '1',
  `CreateTime` varchar(200) DEFAULT NULL,
  `UserID` varchar(254) DEFAULT NULL,
  `UpdateTime` timestamp NOT NULL DEFAULT CURRENT_TIMESTAMP ON UPDATE CURRENT_TIMESTAMP,
  PRIMARY KEY (`ID`)
) ENGINE=InnoDB  DEFAULT CHARSET=utf8 AUTO_INCREMENT=751 ;

--
-- 转存表中的数据 `cart`
--

INSERT INTO `cart` (`ID`, `CakeID`, `Quantity`, `CreateTime`, `UserID`, `UpdateTime`) VALUES
(214, '', '1', NULL, 'c3fa56278d6d1ccd4eb2b80d37cfd3d91421371650', '2015-01-16 09:25:07'),
(215, '71', '-99121', NULL, 'f0ab7bf9a1e547ed48dbff146ff1f2be1419921874', '2015-03-09 10:38:18'),
(216, '71&#039;&quot;&gt;&lt;scRipt&gt;alert(98733)&lt;/sCript&gt;', '2', NULL, 'f0ab7bf9a1e547ed48dbff146ff1f2be1419921874', '2015-01-27 01:18:51'),
(217, '71', '2', NULL, 'f0ab7bf9a1e547ed48dbff146ff1f2be1419921874&#039;&quot;&gt;&lt;scRipt&gt;alert(98733)&lt;/sCript&gt;', '2015-01-27 01:18:58'),
(218, '${@print(md5(this_is_a_test_string))}', '3', NULL, 'f0ab7bf9a1e547ed48dbff146ff1f2be1419921874', '2015-03-09 10:39:42'),
(219, '71', '3', NULL, '${@print(md5(this_is_a_test_string))}', '2015-03-09 10:39:44'),
(220, 'print(md5(this_is_a_test_string));die();/*', '3', NULL, 'f0ab7bf9a1e547ed48dbff146ff1f2be1419921874', '2015-03-09 10:39:58'),
(221, '71', '3', NULL, 'print(md5(this_is_a_test_string));die();/*', '2015-03-09 10:40:00'),
(222, '/etc/passwd', '3', NULL, 'f0ab7bf9a1e547ed48dbff146ff1f2be1419921874', '2015-03-09 10:35:36'),
(223, '71', '3', NULL, '/etc/passwd', '2015-03-09 10:35:38'),
(224, '../../../../../../../../etc/passwd', '3', NULL, 'f0ab7bf9a1e547ed48dbff146ff1f2be1419921874', '2015-03-09 10:35:44'),
(225, '71', '3', NULL, '../../../../../../../../etc/passwd', '2015-03-09 10:35:46'),
(226, '../../../../../../../../etc/passwd\0.jpg', '3', NULL, 'f0ab7bf9a1e547ed48dbff146ff1f2be1419921874', '2015-03-09 10:35:52'),
(227, '71', '3', NULL, '../../../../../../../../etc/passwd\0.jpg', '2015-03-09 10:35:54'),
(228, '../../../../../../../../../../etc/passwd%00', '3', NULL, 'f0ab7bf9a1e547ed48dbff146ff1f2be1419921874', '2015-03-09 10:36:00'),
(229, '71', '3', NULL, '../../../../../../../../../../etc/passwd%00', '2015-03-09 10:36:02'),
(230, '../../../../../../../../windows/win.ini', '3', NULL, 'f0ab7bf9a1e547ed48dbff146ff1f2be1419921874', '2015-03-09 10:36:08'),
(231, '71', '3', NULL, '../../../../../../../../windows/win.ini', '2015-03-09 10:36:10'),
(232, '../../../../../../../../windows/win.ini\0.jpg', '3', NULL, 'f0ab7bf9a1e547ed48dbff146ff1f2be1419921874', '2015-03-09 10:36:16'),
(233, '71', '3', NULL, '../../../../../../../../windows/win.ini\0.jpg', '2015-03-09 10:36:18'),
(234, '108', '3', NULL, '004b432ee98ef60628b08a02510372941421371087', '2015-01-16 09:44:19'),
(235, '105', '3', NULL, 'a7dbca7892ea3b4fc57a68a1f1480fea1421409788', '2015-01-16 12:06:21'),
(236, '105', '2', NULL, 'fd744cb31afefd2bd1d31dc1b816fe961421416644', '2015-01-16 14:01:36'),
(237, '106', '1', NULL, 'c3fa56278d6d1ccd4eb2b80d37cfd3d91421371650', '2015-01-17 03:37:04'),
(239, '106', '1', NULL, '95467cc062b2dc2ed0e03a6f43afb9ac1421487605', '2015-01-17 09:41:29'),
(240, '106', '1', NULL, '40594e00160735e97b0e84590224eac31421485485', '2015-01-17 10:26:36'),
(241, '115', '3', NULL, 'e53c28a1ed4bf56cdf37164c4ca2b90c1421503185', '2015-01-17 14:00:19'),
(242, '106', '3', NULL, 'e53c28a1ed4bf56cdf37164c4ca2b90c1421503185', '2015-01-17 14:10:50'),
(243, '106', '1', NULL, '6dcd7060c386e49fef4e383dc2d9aaed1421504851', '2015-01-17 14:28:12'),
(249, '117', '1', NULL, '3a5920f37415a65151c072445fd4e7a51421755538', '2015-01-20 12:06:33'),
(250, '109', '1', NULL, 'd55dcb434f0010444f14a70ce07c43c71420423455', '2015-01-22 09:15:55'),
(251, '117', '1', NULL, 'd55dcb434f0010444f14a70ce07c43c71420423455', '2015-01-22 09:16:13'),
(254, '105', '3', NULL, 'fc832a688742c6f1c34a1a82d36da90e1421503037', '2015-01-25 11:38:17'),
(259, '109', '2', NULL, 'fd4fef6b58c9ef1d79f305910314d5311421504313', '2015-01-26 06:54:31'),
(260, '117', '-446056', NULL, 'bfc7917afac4674b8fdd78724833f5cc1421453564', '2015-03-16 10:07:41'),
(261, '117,.].)[(,&#039;.', '1', NULL, 'bfc7917afac4674b8fdd78724833f5cc1421453564', '2015-01-27 01:09:16'),
(262, '117', '1', NULL, 'bfc7917afac4674b8fdd78724833f5cc1421453564&#039;(],,,(...', '2015-01-27 01:09:16'),
(263, '117&#039; UNION ALL SELECT CONCAT(0x716b756a71,0x4b5163596666574b5461,0x7170656b71)#', '11', NULL, 'bfc7917afac4674b8fdd78724833f5cc1421453564', '2015-03-16 10:00:37'),
(264, '117&#039; UNION ALL SELECT CONCAT(0x716b756a71,0x4b5163596666574b5461,0x7170656b71),NULL#', '11', NULL, 'bfc7917afac4674b8fdd78724833f5cc1421453564', '2015-03-16 10:00:38'),
(265, '117&#039; UNION ALL SELECT NULL,CONCAT(0x716b756a71,0x4b5163596666574b5461,0x7170656b71)#', '11', NULL, 'bfc7917afac4674b8fdd78724833f5cc1421453564', '2015-03-16 10:00:38'),
(266, '117&#039; UNION ALL SELECT CONCAT(0x716b756a71,0x4b5163596666574b5461,0x7170656b71),NULL,NULL#', '11', NULL, 'bfc7917afac4674b8fdd78724833f5cc1421453564', '2015-03-16 10:00:38'),
(267, '117&#039; UNION ALL SELECT NULL,CONCAT(0x716b756a71,0x4b5163596666574b5461,0x7170656b71),NULL#', '11', NULL, 'bfc7917afac4674b8fdd78724833f5cc1421453564', '2015-03-16 10:00:39'),
(268, '117&#039; UNION ALL SELECT NULL,NULL,CONCAT(0x716b756a71,0x4b5163596666574b5461,0x7170656b71)#', '11', NULL, 'bfc7917afac4674b8fdd78724833f5cc1421453564', '2015-03-16 10:00:39'),
(269, '117&#039; UNION ALL SELECT CONCAT(0x716b756a71,0x4b5163596666574b5461,0x7170656b71),NULL,NULL,NULL#', '11', NULL, 'bfc7917afac4674b8fdd78724833f5cc1421453564', '2015-03-16 10:00:39'),
(270, '117&#039; UNION ALL SELECT NULL,CONCAT(0x716b756a71,0x4b5163596666574b5461,0x7170656b71),NULL,NULL#', '11', NULL, 'bfc7917afac4674b8fdd78724833f5cc1421453564', '2015-03-16 10:00:40'),
(271, '117&#039; UNION ALL SELECT NULL,NULL,CONCAT(0x716b756a71,0x4b5163596666574b5461,0x7170656b71),NULL#', '11', NULL, 'bfc7917afac4674b8fdd78724833f5cc1421453564', '2015-03-16 10:00:40'),
(272, '117&#039; UNION ALL SELECT NULL,NULL,NULL,CONCAT(0x716b756a71,0x4b5163596666574b5461,0x7170656b71)#', '11', NULL, 'bfc7917afac4674b8fdd78724833f5cc1421453564', '2015-03-16 10:00:40'),
(273, '117&#039; UNION ALL SELECT CONCAT(0x716b756a71,0x4b5163596666574b5461,0x7170656b71),NULL,NULL,NULL,NULL#', '11', NULL, 'bfc7917afac4674b8fdd78724833f5cc1421453564', '2015-03-16 10:00:41'),
(274, '117&#039; UNION ALL SELECT NULL,CONCAT(0x716b756a71,0x4b5163596666574b5461,0x7170656b71),NULL,NULL,NULL#', '11', NULL, 'bfc7917afac4674b8fdd78724833f5cc1421453564', '2015-03-16 10:00:41'),
(275, '117&#039; UNION ALL SELECT NULL,NULL,CONCAT(0x716b756a71,0x4b5163596666574b5461,0x7170656b71),NULL,NULL#', '11', NULL, 'bfc7917afac4674b8fdd78724833f5cc1421453564', '2015-03-16 10:00:42'),
(276, '117&#039; UNION ALL SELECT NULL,NULL,NULL,CONCAT(0x716b756a71,0x4b5163596666574b5461,0x7170656b71),NULL#', '11', NULL, 'bfc7917afac4674b8fdd78724833f5cc1421453564', '2015-03-16 10:00:42'),
(277, '117&#039; UNION ALL SELECT NULL,NULL,NULL,NULL,CONCAT(0x716b756a71,0x4b5163596666574b5461,0x7170656b71)#', '11', NULL, 'bfc7917afac4674b8fdd78724833f5cc1421453564', '2015-03-16 10:00:42'),
(278, '117 AND SLEEP(5)', '11', NULL, 'bfc7917afac4674b8fdd78724833f5cc1421453564', '2015-03-16 10:00:48'),
(279, '117; SELECT PG_SLEEP(5)--', '11', NULL, 'bfc7917afac4674b8fdd78724833f5cc1421453564', '2015-03-16 10:00:48'),
(280, '117; SELECT SLEEP(5)-- ', '11', NULL, 'bfc7917afac4674b8fdd78724833f5cc1421453564', '2015-03-16 10:00:49'),
(281, '117 WAITFOR DELAY &#039;0:0:5&#039;--', '11', NULL, 'bfc7917afac4674b8fdd78724833f5cc1421453564', '2015-03-16 10:00:49'),
(282, '117', '11', NULL, 'bfc7917afac4674b8fdd78724833f5cc1421453564&#039; UNION ALL SELECT CONCAT(0x716b756a71,0x4b5163596666574b5461,0x7170656b71)#', '2015-03-16 10:00:50'),
(283, '117', '11', NULL, 'bfc7917afac4674b8fdd78724833f5cc1421453564&#039; UNION ALL SELECT CONCAT(0x716b756a71,0x4b5163596666574b5461,0x7170656b71),NULL#', '2015-03-16 10:00:50'),
(284, '117', '11', NULL, 'bfc7917afac4674b8fdd78724833f5cc1421453564&#039; UNION ALL SELECT NULL,CONCAT(0x716b756a71,0x4b5163596666574b5461,0x7170656b71)#', '2015-03-16 10:00:50'),
(285, '117', '11', NULL, 'bfc7917afac4674b8fdd78724833f5cc1421453564&#039; UNION ALL SELECT CONCAT(0x716b756a71,0x4b5163596666574b5461,0x7170656b71),NULL,NULL#', '2015-03-16 10:00:51'),
(286, '117', '11', NULL, 'bfc7917afac4674b8fdd78724833f5cc1421453564&#039; UNION ALL SELECT NULL,CONCAT(0x716b756a71,0x4b5163596666574b5461,0x7170656b71),NULL#', '2015-03-16 10:00:51'),
(287, '117', '11', NULL, 'bfc7917afac4674b8fdd78724833f5cc1421453564&#039; UNION ALL SELECT NULL,NULL,CONCAT(0x716b756a71,0x4b5163596666574b5461,0x7170656b71)#', '2015-03-16 10:00:51'),
(288, '117', '11', NULL, 'bfc7917afac4674b8fdd78724833f5cc1421453564&#039; UNION ALL SELECT CONCAT(0x716b756a71,0x4b5163596666574b5461,0x7170656b71),NULL,NULL,NULL#', '2015-03-16 10:00:52'),
(289, '117', '11', NULL, 'bfc7917afac4674b8fdd78724833f5cc1421453564&#039; UNION ALL SELECT NULL,CONCAT(0x716b756a71,0x4b5163596666574b5461,0x7170656b71),NULL,NULL#', '2015-03-16 10:00:52'),
(290, '117', '11', NULL, 'bfc7917afac4674b8fdd78724833f5cc1421453564&#039; UNION ALL SELECT NULL,NULL,CONCAT(0x716b756a71,0x4b5163596666574b5461,0x7170656b71),NULL#', '2015-03-16 10:00:53'),
(291, '117', '11', NULL, 'bfc7917afac4674b8fdd78724833f5cc1421453564&#039; UNION ALL SELECT NULL,NULL,NULL,CONCAT(0x716b756a71,0x4b5163596666574b5461,0x7170656b71)#', '2015-03-16 10:00:53'),
(292, '117', '11', NULL, 'bfc7917afac4674b8fdd78724833f5cc1421453564&#039; UNION ALL SELECT CONCAT(0x716b756a71,0x4b5163596666574b5461,0x7170656b71),NULL,NULL,NULL,NULL#', '2015-03-16 10:00:53'),
(293, '117', '11', NULL, 'bfc7917afac4674b8fdd78724833f5cc1421453564&#039; UNION ALL SELECT NULL,CONCAT(0x716b756a71,0x4b5163596666574b5461,0x7170656b71),NULL,NULL,NULL#', '2015-03-16 10:00:54'),
(294, '117', '11', NULL, 'bfc7917afac4674b8fdd78724833f5cc1421453564&#039; UNION ALL SELECT NULL,NULL,CONCAT(0x716b756a71,0x4b5163596666574b5461,0x7170656b71),NULL,NULL#', '2015-03-16 10:00:54'),
(295, '117', '11', NULL, 'bfc7917afac4674b8fdd78724833f5cc1421453564&#039; UNION ALL SELECT NULL,NULL,NULL,CONCAT(0x716b756a71,0x4b5163596666574b5461,0x7170656b71),NULL#', '2015-03-16 10:00:54'),
(296, '117', '11', NULL, 'bfc7917afac4674b8fdd78724833f5cc1421453564&#039; UNION ALL SELECT NULL,NULL,NULL,NULL,CONCAT(0x716b756a71,0x4b5163596666574b5461,0x7170656b71)#', '2015-03-16 10:00:55'),
(297, '117', '11', NULL, 'bfc7917afac4674b8fdd78724833f5cc1421453564 AND SLEEP(5)', '2015-03-16 10:00:55'),
(298, '117', '11', NULL, 'bfc7917afac4674b8fdd78724833f5cc1421453564; SELECT PG_SLEEP(5)--', '2015-03-16 10:00:55'),
(299, '117', '11', NULL, 'bfc7917afac4674b8fdd78724833f5cc1421453564; SELECT SLEEP(5)-- ', '2015-03-16 10:00:56'),
(300, '117', '11', NULL, 'bfc7917afac4674b8fdd78724833f5cc1421453564 WAITFOR DELAY &#039;0:0:5&#039;--', '2015-03-16 10:00:56'),
(301, '${@print(md5(this_is_a_test_string))}', '3', NULL, 'bfc7917afac4674b8fdd78724833f5cc1421453564', '2015-03-16 10:08:34'),
(302, '117', '3', NULL, '${@print(md5(this_is_a_test_string))}', '2015-03-16 10:08:37'),
(303, 'print(md5(this_is_a_test_string));die();/*', '3', NULL, 'bfc7917afac4674b8fdd78724833f5cc1421453564', '2015-03-16 10:08:58'),
(304, '117', '3', NULL, 'print(md5(this_is_a_test_string));die();/*', '2015-03-16 10:09:01'),
(305, '117&#039;&quot;&gt;&lt;scRipt&gt;alert(98733)&lt;/sCript&gt;', '1', NULL, 'bfc7917afac4674b8fdd78724833f5cc1421453564', '2015-01-27 01:19:59'),
(306, '117', '1', NULL, 'bfc7917afac4674b8fdd78724833f5cc1421453564&#039;&quot;&gt;&lt;scRipt&gt;alert(98733)&lt;/sCript&gt;', '2015-01-27 01:20:02'),
(307, '/etc/passwd', '3', NULL, 'bfc7917afac4674b8fdd78724833f5cc1421453564', '2015-03-16 10:06:30'),
(308, '117', '3', NULL, '/etc/passwd', '2015-03-16 10:06:32'),
(309, '../../../../../../../../etc/passwd', '3', NULL, 'bfc7917afac4674b8fdd78724833f5cc1421453564', '2015-03-16 10:06:41'),
(310, '117', '3', NULL, '../../../../../../../../etc/passwd', '2015-03-16 10:06:44'),
(311, '../../../../../../../../etc/passwd\0.jpg', '3', NULL, 'bfc7917afac4674b8fdd78724833f5cc1421453564', '2015-03-16 10:06:52'),
(312, '117', '3', NULL, '../../../../../../../../etc/passwd\0.jpg', '2015-03-16 10:06:54'),
(313, '../../../../../../../../../../etc/passwd%00', '3', NULL, 'bfc7917afac4674b8fdd78724833f5cc1421453564', '2015-03-16 10:07:03'),
(314, '117', '3', NULL, '../../../../../../../../../../etc/passwd%00', '2015-03-16 10:07:06'),
(315, '../../../../../../../../windows/win.ini', '3', NULL, 'bfc7917afac4674b8fdd78724833f5cc1421453564', '2015-03-16 10:07:14'),
(316, '117', '3', NULL, '../../../../../../../../windows/win.ini', '2015-03-16 10:07:17'),
(317, '../../../../../../../../windows/win.ini\0.jpg', '3', NULL, 'bfc7917afac4674b8fdd78724833f5cc1421453564', '2015-03-16 10:07:25'),
(318, '117', '3', NULL, '../../../../../../../../windows/win.ini\0.jpg', '2015-03-16 10:07:28'),
(319, '111', '1', NULL, 'ff47af3f41fae8ff19db97d7cd722e511422344169', '2015-01-27 07:36:43'),
(320, '117', '4', NULL, '0af226d5c3168b7a7c79b6c1d0db0f901422348508', '2015-01-27 09:13:58'),
(321, '109', '1', NULL, '501926bf2aa2195b4f588184ce20ed9f1422349691', '2015-01-27 09:08:47'),
(322, '117', '11', NULL, '9b5592bd02e9fca25dd61f845aac66551422349893', '2015-01-27 09:14:12'),
(323, '109', '1', NULL, '7868bf5b6fe194f3b39a64b65fcdd3ef1422352122', '2015-01-27 09:49:00'),
(324, '109', '1', NULL, 'ca5735969aa89cb368587e93d87402b21422354476', '2015-01-27 10:28:23'),
(326, '108', '1', NULL, 'b68adfe91452bc1c01796702885342a21422372836', '2015-01-27 15:33:58'),
(327, '109', '1', NULL, 'fcb77f9412554bd1b43ec902e97242b01422425575', '2015-01-28 06:13:48'),
(328, '109', '1', NULL, 'c2ae5240ad4ba5622850005d68a016ca1422427448', '2015-01-28 06:44:25'),
(329, '111', '1', NULL, '9ac90f47bcdacdac334bbdad21fb224f1422428319', '2015-01-28 06:59:34'),
(330, '109', '1', NULL, '373a45995c04fb05a1866ef2929076311422431952', '2015-01-28 07:59:50'),
(331, '117', '3', NULL, '6bacaa9839d24b90e127cfe6f54886d41422440361', '2015-01-28 10:19:43'),
(332, '109', '1', NULL, '6412eed07772a7523dce6d8c6e9639f81422446726', '2015-01-28 12:05:49'),
(333, '108', '1', NULL, '1c06effeb777b7e12f2b5cdaa62e6e8a1421388244', '2015-01-30 09:41:38'),
(334, '109', '1', NULL, '701afb79fd3f18b4309b86229ee9542d1422705155', '2015-01-31 11:52:47'),
(335, '109', '1', NULL, 'a0fde976741d4015673fda5516e19c571422733065', '2015-01-31 19:39:23'),
(337, '117.].&quot;(&quot;)([&#039;', '1', NULL, 'bfc7917afac4674b8fdd78724833f5cc1421453564', '2015-02-02 08:44:57'),
(338, '117', '1', NULL, 'bfc7917afac4674b8fdd78724833f5cc1421453564.&quot;&quot;])]&quot;&quot;.&#039;', '2015-02-02 08:44:57'),
(339, '117', '1', NULL, 'b06507e2b810bf63fbf08135c43b4e7b1422863989', '2015-02-02 08:53:26'),
(340, '117', '1', NULL, 'e82c0a849b1023c274693f2da91209951422189396', '2015-02-02 08:53:50'),
(341, '117', '5', NULL, 'd67a5d2e138c12050982c0ea8a0f592a1422869583', '2015-02-09 15:31:35'),
(342, '111', '1', NULL, 'ec810c0a1b41bb1f310ab1004c0b47db1422935477', '2015-02-03 03:51:56'),
(343, '106', '1', NULL, '122635c3f62a01877b199da4e3e33fda1422321400', '2015-02-03 08:23:44'),
(344, '109', '1', NULL, '122635c3f62a01877b199da4e3e33fda1422321400', '2015-02-04 01:10:49'),
(347, '117,)[.,.&quot;&#039;]&quot;', '1', NULL, 'bfc7917afac4674b8fdd78724833f5cc1421453564', '2015-02-09 10:58:41'),
(348, '117', '1', NULL, 'bfc7917afac4674b8fdd78724833f5cc1421453564.()(&quot;&quot;,)&#039;]', '2015-02-09 10:58:41'),
(349, '-3306 UNION ALL SELECT CONCAT(0x716b756a71,0x4b5163596666574b5461,0x7170656b71)#', '9', NULL, 'bfc7917afac4674b8fdd78724833f5cc1421453564', '2015-03-16 10:00:43'),
(350, '-3306 UNION ALL SELECT CONCAT(0x716b756a71,0x4b5163596666574b5461,0x7170656b71),NULL#', '9', NULL, 'bfc7917afac4674b8fdd78724833f5cc1421453564', '2015-03-16 10:00:43'),
(351, '-3306 UNION ALL SELECT NULL,CONCAT(0x716b756a71,0x4b5163596666574b5461,0x7170656b71)#', '9', NULL, 'bfc7917afac4674b8fdd78724833f5cc1421453564', '2015-03-16 10:00:43'),
(352, '-3306 UNION ALL SELECT CONCAT(0x716b756a71,0x4b5163596666574b5461,0x7170656b71),NULL,NULL#', '9', NULL, 'bfc7917afac4674b8fdd78724833f5cc1421453564', '2015-03-16 10:00:44'),
(353, '-3306 UNION ALL SELECT NULL,CONCAT(0x716b756a71,0x4b5163596666574b5461,0x7170656b71),NULL#', '9', NULL, 'bfc7917afac4674b8fdd78724833f5cc1421453564', '2015-03-16 10:00:44'),
(354, '-3306 UNION ALL SELECT NULL,NULL,CONCAT(0x716b756a71,0x4b5163596666574b5461,0x7170656b71)#', '9', NULL, 'bfc7917afac4674b8fdd78724833f5cc1421453564', '2015-03-16 10:00:44'),
(355, '-3306 UNION ALL SELECT CONCAT(0x716b756a71,0x4b5163596666574b5461,0x7170656b71),NULL,NULL,NULL#', '9', NULL, 'bfc7917afac4674b8fdd78724833f5cc1421453564', '2015-03-16 10:00:45'),
(356, '-3306 UNION ALL SELECT NULL,CONCAT(0x716b756a71,0x4b5163596666574b5461,0x7170656b71),NULL,NULL#', '9', NULL, 'bfc7917afac4674b8fdd78724833f5cc1421453564', '2015-03-16 10:00:45'),
(357, '-3306 UNION ALL SELECT NULL,NULL,CONCAT(0x716b756a71,0x4b5163596666574b5461,0x7170656b71),NULL#', '9', NULL, 'bfc7917afac4674b8fdd78724833f5cc1421453564', '2015-03-16 10:00:46'),
(358, '-3306 UNION ALL SELECT NULL,NULL,NULL,CONCAT(0x716b756a71,0x4b5163596666574b5461,0x7170656b71)#', '9', NULL, 'bfc7917afac4674b8fdd78724833f5cc1421453564', '2015-03-16 10:00:46'),
(359, '-3306 UNION ALL SELECT CONCAT(0x716b756a71,0x4b5163596666574b5461,0x7170656b71),NULL,NULL,NULL,NULL#', '9', NULL, 'bfc7917afac4674b8fdd78724833f5cc1421453564', '2015-03-16 10:00:46'),
(360, '-3306 UNION ALL SELECT NULL,CONCAT(0x716b756a71,0x4b5163596666574b5461,0x7170656b71),NULL,NULL,NULL#', '9', NULL, 'bfc7917afac4674b8fdd78724833f5cc1421453564', '2015-03-16 10:00:47'),
(361, '-3306 UNION ALL SELECT NULL,NULL,CONCAT(0x716b756a71,0x4b5163596666574b5461,0x7170656b71),NULL,NULL#', '9', NULL, 'bfc7917afac4674b8fdd78724833f5cc1421453564', '2015-03-16 10:00:47'),
(362, '-3306 UNION ALL SELECT NULL,NULL,NULL,CONCAT(0x716b756a71,0x4b5163596666574b5461,0x7170656b71),NULL#', '9', NULL, 'bfc7917afac4674b8fdd78724833f5cc1421453564', '2015-03-16 10:00:47'),
(363, '-3306 UNION ALL SELECT NULL,NULL,NULL,NULL,CONCAT(0x716b756a71,0x4b5163596666574b5461,0x7170656b71)#', '9', NULL, 'bfc7917afac4674b8fdd78724833f5cc1421453564', '2015-03-16 10:00:48'),
(364, '109', '1', NULL, 'a6e8235e3883bf7df73ada499b2fe7f11422863787', '2015-02-09 19:41:02'),
(365, '112', '1', NULL, '67ba1daf6c61e337444a04592b210b891423530634', '2015-02-11 03:43:47'),
(366, '109', '1', NULL, 'e612c2f8cf7d88029b3be276561944551422407552', '2015-02-12 04:39:41'),
(367, '109', '2', NULL, 'df4485120ae34253fd94d2f85cd6b2581423236844', '2015-02-13 06:05:21'),
(368, '117', '1', NULL, 'feb75a0160084bf5ec75a0af264af0531423494822', '2015-02-13 06:17:25'),
(371, '109', '1', NULL, '5c18b014797bb4a163e738fd4317aa2f1422503103', '2015-02-13 11:28:08'),
(375, '117)[)([&quot;&#039;]](', '1', NULL, 'bfc7917afac4674b8fdd78724833f5cc1421453564', '2015-02-16 12:15:58'),
(376, '117', '1', NULL, 'bfc7917afac4674b8fdd78724833f5cc1421453564(,)&#039;(.,(..', '2015-02-16 12:15:58'),
(377, '&#039;&quot;&gt;&lt;scRipt&gt;alert(98733)&lt;/sCript&gt;', '2', NULL, 'f0ab7bf9a1e547ed48dbff146ff1f2be1419921874', '2015-03-09 10:37:46'),
(378, '71', '2', NULL, '&#039;&quot;&gt;&lt;scRipt&gt;alert(98733)&lt;/sCript&gt;', '2015-03-09 10:37:48'),
(381, '109', '1', NULL, 'd95020659ab68508199a81fae67ef1021421577686', '2015-02-21 14:16:54'),
(382, '117&quot;(&quot;[,[[[&#039;.', '1', NULL, 'bfc7917afac4674b8fdd78724833f5cc1421453564', '2015-02-23 09:51:59'),
(383, '117', '1', NULL, 'bfc7917afac4674b8fdd78724833f5cc1421453564).[)&quot;[.[.&#039;', '2015-02-23 09:51:59'),
(385, '114', '1', NULL, '3ed7bb5d8b0c060bc9e6f2cfb7f5fdf71425282468', '2015-03-02 07:51:06'),
(386, '71)&quot;&quot;&quot;,[][[&#039;', '1', NULL, 'f0ab7bf9a1e547ed48dbff146ff1f2be1419921874', '2015-03-02 11:05:55'),
(387, '71', '1', NULL, 'f0ab7bf9a1e547ed48dbff146ff1f2be1419921874,)&quot;.,),&#039;&quot;,', '2015-03-02 11:05:55'),
(388, '71&#039; UNION ALL SELECT CONCAT(0x716b756a71,0x4b5163596666574b5461,0x7170656b71)#', '2', NULL, 'f0ab7bf9a1e547ed48dbff146ff1f2be1419921874', '2015-03-02 12:06:36'),
(389, '71&#039; UNION ALL SELECT CONCAT(0x716b756a71,0x4b5163596666574b5461,0x7170656b71),NULL#', '2', NULL, 'f0ab7bf9a1e547ed48dbff146ff1f2be1419921874', '2015-03-02 12:06:49'),
(390, '71&#039; UNION ALL SELECT NULL,CONCAT(0x716b756a71,0x4b5163596666574b5461,0x7170656b71)#', '2', NULL, 'f0ab7bf9a1e547ed48dbff146ff1f2be1419921874', '2015-03-02 12:06:52'),
(391, '71&#039; UNION ALL SELECT CONCAT(0x716b756a71,0x4b5163596666574b5461,0x7170656b71),NULL,NULL#', '2', NULL, 'f0ab7bf9a1e547ed48dbff146ff1f2be1419921874', '2015-03-02 12:06:56'),
(392, '71&#039; UNION ALL SELECT NULL,CONCAT(0x716b756a71,0x4b5163596666574b5461,0x7170656b71),NULL#', '2', NULL, 'f0ab7bf9a1e547ed48dbff146ff1f2be1419921874', '2015-03-02 12:07:01'),
(393, '71&#039; UNION ALL SELECT NULL,NULL,CONCAT(0x716b756a71,0x4b5163596666574b5461,0x7170656b71)#', '2', NULL, 'f0ab7bf9a1e547ed48dbff146ff1f2be1419921874', '2015-03-02 12:07:05'),
(394, '71&#039; UNION ALL SELECT CONCAT(0x716b756a71,0x4b5163596666574b5461,0x7170656b71),NULL,NULL,NULL#', '2', NULL, 'f0ab7bf9a1e547ed48dbff146ff1f2be1419921874', '2015-03-02 12:07:09'),
(395, '71&#039; UNION ALL SELECT NULL,CONCAT(0x716b756a71,0x4b5163596666574b5461,0x7170656b71),NULL,NULL#', '2', NULL, 'f0ab7bf9a1e547ed48dbff146ff1f2be1419921874', '2015-03-02 12:07:12'),
(396, '71&#039; UNION ALL SELECT NULL,NULL,CONCAT(0x716b756a71,0x4b5163596666574b5461,0x7170656b71),NULL#', '2', NULL, 'f0ab7bf9a1e547ed48dbff146ff1f2be1419921874', '2015-03-02 12:07:16'),
(397, '71&#039; UNION ALL SELECT NULL,NULL,NULL,CONCAT(0x716b756a71,0x4b5163596666574b5461,0x7170656b71)#', '2', NULL, 'f0ab7bf9a1e547ed48dbff146ff1f2be1419921874', '2015-03-02 12:07:19'),
(398, '71&#039; UNION ALL SELECT CONCAT(0x716b756a71,0x4b5163596666574b5461,0x7170656b71),NULL,NULL,NULL,NULL#', '2', NULL, 'f0ab7bf9a1e547ed48dbff146ff1f2be1419921874', '2015-03-02 12:07:22'),
(399, '71&#039; UNION ALL SELECT NULL,CONCAT(0x716b756a71,0x4b5163596666574b5461,0x7170656b71),NULL,NULL,NULL#', '2', NULL, 'f0ab7bf9a1e547ed48dbff146ff1f2be1419921874', '2015-03-02 12:07:27'),
(400, '71&#039; UNION ALL SELECT NULL,NULL,CONCAT(0x716b756a71,0x4b5163596666574b5461,0x7170656b71),NULL,NULL#', '1', NULL, 'f0ab7bf9a1e547ed48dbff146ff1f2be1419921874', '2015-03-02 11:05:59'),
(401, '71&#039; UNION ALL SELECT NULL,NULL,NULL,CONCAT(0x716b756a71,0x4b5163596666574b5461,0x7170656b71),NULL#', '1', NULL, 'f0ab7bf9a1e547ed48dbff146ff1f2be1419921874', '2015-03-02 11:05:59'),
(402, '71&#039; UNION ALL SELECT NULL,NULL,NULL,NULL,CONCAT(0x716b756a71,0x4b5163596666574b5461,0x7170656b71)#', '1', NULL, 'f0ab7bf9a1e547ed48dbff146ff1f2be1419921874', '2015-03-02 11:05:59'),
(403, '-3306 UNION ALL SELECT CONCAT(0x716b756a71,0x4b5163596666574b5461,0x7170656b71)#', '1', NULL, 'f0ab7bf9a1e547ed48dbff146ff1f2be1419921874', '2015-03-02 11:05:59'),
(404, '-3306 UNION ALL SELECT CONCAT(0x716b756a71,0x4b5163596666574b5461,0x7170656b71),NULL#', '1', NULL, 'f0ab7bf9a1e547ed48dbff146ff1f2be1419921874', '2015-03-02 11:05:59'),
(405, '-3306 UNION ALL SELECT NULL,CONCAT(0x716b756a71,0x4b5163596666574b5461,0x7170656b71)#', '1', NULL, 'f0ab7bf9a1e547ed48dbff146ff1f2be1419921874', '2015-03-02 11:05:59'),
(406, '-3306 UNION ALL SELECT CONCAT(0x716b756a71,0x4b5163596666574b5461,0x7170656b71),NULL,NULL#', '1', NULL, 'f0ab7bf9a1e547ed48dbff146ff1f2be1419921874', '2015-03-02 11:06:00'),
(407, '-3306 UNION ALL SELECT NULL,CONCAT(0x716b756a71,0x4b5163596666574b5461,0x7170656b71),NULL#', '1', NULL, 'f0ab7bf9a1e547ed48dbff146ff1f2be1419921874', '2015-03-02 11:06:00'),
(408, '-3306 UNION ALL SELECT NULL,NULL,CONCAT(0x716b756a71,0x4b5163596666574b5461,0x7170656b71)#', '1', NULL, 'f0ab7bf9a1e547ed48dbff146ff1f2be1419921874', '2015-03-02 11:06:00'),
(409, '-3306 UNION ALL SELECT CONCAT(0x716b756a71,0x4b5163596666574b5461,0x7170656b71),NULL,NULL,NULL#', '1', NULL, 'f0ab7bf9a1e547ed48dbff146ff1f2be1419921874', '2015-03-02 11:06:00'),
(410, '-3306 UNION ALL SELECT NULL,CONCAT(0x716b756a71,0x4b5163596666574b5461,0x7170656b71),NULL,NULL#', '1', NULL, 'f0ab7bf9a1e547ed48dbff146ff1f2be1419921874', '2015-03-02 11:06:00'),
(411, '-3306 UNION ALL SELECT NULL,NULL,CONCAT(0x716b756a71,0x4b5163596666574b5461,0x7170656b71),NULL#', '1', NULL, 'f0ab7bf9a1e547ed48dbff146ff1f2be1419921874', '2015-03-02 11:06:00'),
(412, '-3306 UNION ALL SELECT NULL,NULL,NULL,CONCAT(0x716b756a71,0x4b5163596666574b5461,0x7170656b71)#', '1', NULL, 'f0ab7bf9a1e547ed48dbff146ff1f2be1419921874', '2015-03-02 11:06:00'),
(413, '-3306 UNION ALL SELECT CONCAT(0x716b756a71,0x4b5163596666574b5461,0x7170656b71),NULL,NULL,NULL,NULL#', '1', NULL, 'f0ab7bf9a1e547ed48dbff146ff1f2be1419921874', '2015-03-02 11:06:00'),
(414, '-3306 UNION ALL SELECT NULL,CONCAT(0x716b756a71,0x4b5163596666574b5461,0x7170656b71),NULL,NULL,NULL#', '1', NULL, 'f0ab7bf9a1e547ed48dbff146ff1f2be1419921874', '2015-03-02 11:06:00'),
(415, '-3306 UNION ALL SELECT NULL,NULL,CONCAT(0x716b756a71,0x4b5163596666574b5461,0x7170656b71),NULL,NULL#', '1', NULL, 'f0ab7bf9a1e547ed48dbff146ff1f2be1419921874', '2015-03-02 11:06:00'),
(416, '-3306 UNION ALL SELECT NULL,NULL,NULL,CONCAT(0x716b756a71,0x4b5163596666574b5461,0x7170656b71),NULL#', '1', NULL, 'f0ab7bf9a1e547ed48dbff146ff1f2be1419921874', '2015-03-02 11:06:00'),
(417, '-3306 UNION ALL SELECT NULL,NULL,NULL,NULL,CONCAT(0x716b756a71,0x4b5163596666574b5461,0x7170656b71)#', '1', NULL, 'f0ab7bf9a1e547ed48dbff146ff1f2be1419921874', '2015-03-02 11:06:00'),
(418, '71 AND SLEEP(5)', '1', NULL, 'f0ab7bf9a1e547ed48dbff146ff1f2be1419921874', '2015-03-02 11:06:00'),
(419, '71; SELECT PG_SLEEP(5)--', '1', NULL, 'f0ab7bf9a1e547ed48dbff146ff1f2be1419921874', '2015-03-02 11:06:00'),
(420, '71; SELECT SLEEP(5)-- ', '1', NULL, 'f0ab7bf9a1e547ed48dbff146ff1f2be1419921874', '2015-03-02 11:06:00'),
(421, '71 WAITFOR DELAY &#039;0:0:5&#039;--', '1', NULL, 'f0ab7bf9a1e547ed48dbff146ff1f2be1419921874', '2015-03-02 11:06:01'),
(422, '71', '1', NULL, 'f0ab7bf9a1e547ed48dbff146ff1f2be1419921874&#039; UNION ALL SELECT CONCAT(0x716b756a71,0x4b5163596666574b5461,0x7170656b71)#', '2015-03-02 11:06:01'),
(423, '71', '1', NULL, 'f0ab7bf9a1e547ed48dbff146ff1f2be1419921874&#039; UNION ALL SELECT CONCAT(0x716b756a71,0x4b5163596666574b5461,0x7170656b71),NULL#', '2015-03-02 11:06:01'),
(424, '71', '1', NULL, 'f0ab7bf9a1e547ed48dbff146ff1f2be1419921874&#039; UNION ALL SELECT NULL,CONCAT(0x716b756a71,0x4b5163596666574b5461,0x7170656b71)#', '2015-03-02 11:06:01'),
(425, '71', '1', NULL, 'f0ab7bf9a1e547ed48dbff146ff1f2be1419921874&#039; UNION ALL SELECT CONCAT(0x716b756a71,0x4b5163596666574b5461,0x7170656b71),NULL,NULL#', '2015-03-02 11:06:01'),
(426, '71', '1', NULL, 'f0ab7bf9a1e547ed48dbff146ff1f2be1419921874&#039; UNION ALL SELECT NULL,CONCAT(0x716b756a71,0x4b5163596666574b5461,0x7170656b71),NULL#', '2015-03-02 11:06:01'),
(427, '71', '1', NULL, 'f0ab7bf9a1e547ed48dbff146ff1f2be1419921874&#039; UNION ALL SELECT NULL,NULL,CONCAT(0x716b756a71,0x4b5163596666574b5461,0x7170656b71)#', '2015-03-02 11:06:01'),
(428, '71', '1', NULL, 'f0ab7bf9a1e547ed48dbff146ff1f2be1419921874&#039; UNION ALL SELECT CONCAT(0x716b756a71,0x4b5163596666574b5461,0x7170656b71),NULL,NULL,NULL#', '2015-03-02 11:06:01'),
(429, '71', '1', NULL, 'f0ab7bf9a1e547ed48dbff146ff1f2be1419921874&#039; UNION ALL SELECT NULL,CONCAT(0x716b756a71,0x4b5163596666574b5461,0x7170656b71),NULL,NULL#', '2015-03-02 11:06:01'),
(430, '71', '1', NULL, 'f0ab7bf9a1e547ed48dbff146ff1f2be1419921874&#039; UNION ALL SELECT NULL,NULL,CONCAT(0x716b756a71,0x4b5163596666574b5461,0x7170656b71),NULL#', '2015-03-02 11:06:01'),
(431, '71', '1', NULL, 'f0ab7bf9a1e547ed48dbff146ff1f2be1419921874&#039; UNION ALL SELECT NULL,NULL,NULL,CONCAT(0x716b756a71,0x4b5163596666574b5461,0x7170656b71)#', '2015-03-02 11:06:01'),
(432, '71', '1', NULL, 'f0ab7bf9a1e547ed48dbff146ff1f2be1419921874&#039; UNION ALL SELECT CONCAT(0x716b756a71,0x4b5163596666574b5461,0x7170656b71),NULL,NULL,NULL,NULL#', '2015-03-02 11:06:01'),
(433, '71', '1', NULL, 'f0ab7bf9a1e547ed48dbff146ff1f2be1419921874&#039; UNION ALL SELECT NULL,CONCAT(0x716b756a71,0x4b5163596666574b5461,0x7170656b71),NULL,NULL,NULL#', '2015-03-02 11:06:01'),
(434, '71', '1', NULL, 'f0ab7bf9a1e547ed48dbff146ff1f2be1419921874&#039; UNION ALL SELECT NULL,NULL,CONCAT(0x716b756a71,0x4b5163596666574b5461,0x7170656b71),NULL,NULL#', '2015-03-02 11:06:01'),
(435, '71', '1', NULL, 'f0ab7bf9a1e547ed48dbff146ff1f2be1419921874&#039; UNION ALL SELECT NULL,NULL,NULL,CONCAT(0x716b756a71,0x4b5163596666574b5461,0x7170656b71),NULL#', '2015-03-02 11:06:02'),
(436, '71', '1', NULL, 'f0ab7bf9a1e547ed48dbff146ff1f2be1419921874&#039; UNION ALL SELECT NULL,NULL,NULL,NULL,CONCAT(0x716b756a71,0x4b5163596666574b5461,0x7170656b71)#', '2015-03-02 11:06:02'),
(437, '71', '1', NULL, 'f0ab7bf9a1e547ed48dbff146ff1f2be1419921874 AND SLEEP(5)', '2015-03-02 11:06:02'),
(438, '71', '1', NULL, 'f0ab7bf9a1e547ed48dbff146ff1f2be1419921874; SELECT PG_SLEEP(5)--', '2015-03-02 11:06:02'),
(439, '71', '1', NULL, 'f0ab7bf9a1e547ed48dbff146ff1f2be1419921874; SELECT SLEEP(5)-- ', '2015-03-02 11:06:02'),
(440, '71', '1', NULL, 'f0ab7bf9a1e547ed48dbff146ff1f2be1419921874 WAITFOR DELAY &#039;0:0:5&#039;--', '2015-03-02 11:06:02'),
(441, '117&#039;.,&quot;&quot;[[[(,', '1', NULL, 'bfc7917afac4674b8fdd78724833f5cc1421453564', '2015-03-02 11:17:16'),
(442, '117', '1', NULL, 'bfc7917afac4674b8fdd78724833f5cc1421453564][,]])[&#039;,[', '2015-03-02 11:17:16'),
(443, '71)])[[[.&#039;.(', '1', NULL, 'f0ab7bf9a1e547ed48dbff146ff1f2be1419921874', '2015-03-02 12:05:59'),
(444, '71', '1', NULL, 'f0ab7bf9a1e547ed48dbff146ff1f2be1419921874]],.](&#039;[(,', '2015-03-02 12:06:00'),
(445, '117(,&quot;&quot;.)&#039;.[(', '1', NULL, 'bfc7917afac4674b8fdd78724833f5cc1421453564', '2015-03-02 12:27:33'),
(446, '117', '1', NULL, 'bfc7917afac4674b8fdd78724833f5cc1421453564.[&#039;)(,,[[,', '2015-03-02 12:27:33'),
(447, '117,.(]&quot;]&#039;&quot;))', '1', NULL, 'bfc7917afac4674b8fdd78724833f5cc1421453564', '2015-03-02 13:28:39'),
(448, '117', '1', NULL, 'bfc7917afac4674b8fdd78724833f5cc1421453564[)(&quot;(&quot;[&#039;)(', '2015-03-02 13:28:39'),
(449, '117,&quot;[([.)()&#039;', '1', NULL, 'bfc7917afac4674b8fdd78724833f5cc1421453564', '2015-03-02 14:43:43'),
(450, '117', '1', NULL, 'bfc7917afac4674b8fdd78724833f5cc1421453564&quot;&#039;))&quot;..(,.', '2015-03-02 14:43:43'),
(451, '117.(&#039;,[(,&quot;,.', '1', NULL, 'bfc7917afac4674b8fdd78724833f5cc1421453564', '2015-03-02 16:09:20'),
(452, '117', '1', NULL, 'bfc7917afac4674b8fdd78724833f5cc1421453564.,])&#039;((.&quot;[', '2015-03-02 16:09:20'),
(454, '117', '3', NULL, 'a84d4b9bc7328281b8dc90483af9bbc41425806797', '2015-03-08 09:31:19'),
(455, '&#039;&quot;&gt;&lt;scRipt&gt;alert(98733)&lt;/sCript&gt;', '2', NULL, 'bfc7917afac4674b8fdd78724833f5cc1421453564', '2015-03-16 10:08:13'),
(456, '117', '2', NULL, '&#039;&quot;&gt;&lt;scRipt&gt;alert(98733)&lt;/sCript&gt;', '2015-03-16 10:08:16'),
(457, '111', '3', NULL, '83fce664bd122d8dc54dae49e5c8432d1426222656', '2015-03-13 04:57:47'),
(462, '119', '-148693', NULL, 'ee8dab2f13fb5c3b46316bdb0b6438961426243519', '2015-03-30 08:46:47'),
(463, '119,[&#039;.(](].,', '1', NULL, 'ee8dab2f13fb5c3b46316bdb0b6438961426243519', '2015-03-16 09:57:15'),
(464, '119', '1', NULL, 'ee8dab2f13fb5c3b46316bdb0b6438961426243519&quot;[]&quot;&#039;).[&quot;&quot;', '2015-03-16 09:57:15'),
(465, '119&#039; UNION ALL SELECT CONCAT(0x716b756a71,0x4b5163596666574b5461,0x7170656b71)#', '3', NULL, 'ee8dab2f13fb5c3b46316bdb0b6438961426243519', '2015-03-30 08:42:01'),
(466, '119&#039; UNION ALL SELECT CONCAT(0x716b756a71,0x4b5163596666574b5461,0x7170656b71),NULL#', '3', NULL, 'ee8dab2f13fb5c3b46316bdb0b6438961426243519', '2015-03-30 08:42:01'),
(467, '119&#039; UNION ALL SELECT NULL,CONCAT(0x716b756a71,0x4b5163596666574b5461,0x7170656b71)#', '3', NULL, 'ee8dab2f13fb5c3b46316bdb0b6438961426243519', '2015-03-30 08:42:02'),
(468, '119&#039; UNION ALL SELECT CONCAT(0x716b756a71,0x4b5163596666574b5461,0x7170656b71),NULL,NULL#', '3', NULL, 'ee8dab2f13fb5c3b46316bdb0b6438961426243519', '2015-03-30 08:42:02'),
(469, '119&#039; UNION ALL SELECT NULL,CONCAT(0x716b756a71,0x4b5163596666574b5461,0x7170656b71),NULL#', '3', NULL, 'ee8dab2f13fb5c3b46316bdb0b6438961426243519', '2015-03-30 08:42:03'),
(470, '119&#039; UNION ALL SELECT NULL,NULL,CONCAT(0x716b756a71,0x4b5163596666574b5461,0x7170656b71)#', '3', NULL, 'ee8dab2f13fb5c3b46316bdb0b6438961426243519', '2015-03-30 08:42:03'),
(471, '119&#039; UNION ALL SELECT CONCAT(0x716b756a71,0x4b5163596666574b5461,0x7170656b71),NULL,NULL,NULL#', '3', NULL, 'ee8dab2f13fb5c3b46316bdb0b6438961426243519', '2015-03-30 08:42:04'),
(472, '119&#039; UNION ALL SELECT NULL,CONCAT(0x716b756a71,0x4b5163596666574b5461,0x7170656b71),NULL,NULL#', '3', NULL, 'ee8dab2f13fb5c3b46316bdb0b6438961426243519', '2015-03-30 08:42:04'),
(473, '119&#039; UNION ALL SELECT NULL,NULL,CONCAT(0x716b756a71,0x4b5163596666574b5461,0x7170656b71),NULL#', '3', NULL, 'ee8dab2f13fb5c3b46316bdb0b6438961426243519', '2015-03-30 08:42:05'),
(474, '119&#039; UNION ALL SELECT NULL,NULL,NULL,CONCAT(0x716b756a71,0x4b5163596666574b5461,0x7170656b71)#', '3', NULL, 'ee8dab2f13fb5c3b46316bdb0b6438961426243519', '2015-03-30 08:42:05'),
(475, '119&#039; UNION ALL SELECT CONCAT(0x716b756a71,0x4b5163596666574b5461,0x7170656b71),NULL,NULL,NULL,NULL#', '3', NULL, 'ee8dab2f13fb5c3b46316bdb0b6438961426243519', '2015-03-30 08:42:06'),
(476, '119&#039; UNION ALL SELECT NULL,CONCAT(0x716b756a71,0x4b5163596666574b5461,0x7170656b71),NULL,NULL,NULL#', '3', NULL, 'ee8dab2f13fb5c3b46316bdb0b6438961426243519', '2015-03-30 08:42:06'),
(477, '119&#039; UNION ALL SELECT NULL,NULL,CONCAT(0x716b756a71,0x4b5163596666574b5461,0x7170656b71),NULL,NULL#', '3', NULL, 'ee8dab2f13fb5c3b46316bdb0b6438961426243519', '2015-03-30 08:42:07'),
(478, '119&#039; UNION ALL SELECT NULL,NULL,NULL,CONCAT(0x716b756a71,0x4b5163596666574b5461,0x7170656b71),NULL#', '3', NULL, 'ee8dab2f13fb5c3b46316bdb0b6438961426243519', '2015-03-30 08:42:07'),
(479, '119&#039; UNION ALL SELECT NULL,NULL,NULL,NULL,CONCAT(0x716b756a71,0x4b5163596666574b5461,0x7170656b71)#', '3', NULL, 'ee8dab2f13fb5c3b46316bdb0b6438961426243519', '2015-03-30 08:42:08'),
(480, '-3306 UNION ALL SELECT CONCAT(0x716b756a71,0x4b5163596666574b5461,0x7170656b71)#', '3', NULL, 'ee8dab2f13fb5c3b46316bdb0b6438961426243519', '2015-03-30 08:42:08'),
(481, '-3306 UNION ALL SELECT CONCAT(0x716b756a71,0x4b5163596666574b5461,0x7170656b71),NULL#', '3', NULL, 'ee8dab2f13fb5c3b46316bdb0b6438961426243519', '2015-03-30 08:42:09'),
(482, '-3306 UNION ALL SELECT NULL,CONCAT(0x716b756a71,0x4b5163596666574b5461,0x7170656b71)#', '3', NULL, 'ee8dab2f13fb5c3b46316bdb0b6438961426243519', '2015-03-30 08:42:09'),
(483, '-3306 UNION ALL SELECT CONCAT(0x716b756a71,0x4b5163596666574b5461,0x7170656b71),NULL,NULL#', '3', NULL, 'ee8dab2f13fb5c3b46316bdb0b6438961426243519', '2015-03-30 08:42:10'),
(484, '-3306 UNION ALL SELECT NULL,CONCAT(0x716b756a71,0x4b5163596666574b5461,0x7170656b71),NULL#', '3', NULL, 'ee8dab2f13fb5c3b46316bdb0b6438961426243519', '2015-03-30 08:42:10'),
(485, '-3306 UNION ALL SELECT NULL,NULL,CONCAT(0x716b756a71,0x4b5163596666574b5461,0x7170656b71)#', '3', NULL, 'ee8dab2f13fb5c3b46316bdb0b6438961426243519', '2015-03-30 08:42:11'),
(486, '-3306 UNION ALL SELECT CONCAT(0x716b756a71,0x4b5163596666574b5461,0x7170656b71),NULL,NULL,NULL#', '3', NULL, 'ee8dab2f13fb5c3b46316bdb0b6438961426243519', '2015-03-30 08:42:11'),
(487, '-3306 UNION ALL SELECT NULL,CONCAT(0x716b756a71,0x4b5163596666574b5461,0x7170656b71),NULL,NULL#', '3', NULL, 'ee8dab2f13fb5c3b46316bdb0b6438961426243519', '2015-03-30 08:42:11'),
(488, '-3306 UNION ALL SELECT NULL,NULL,CONCAT(0x716b756a71,0x4b5163596666574b5461,0x7170656b71),NULL#', '3', NULL, 'ee8dab2f13fb5c3b46316bdb0b6438961426243519', '2015-03-30 08:42:12'),
(489, '-3306 UNION ALL SELECT NULL,NULL,NULL,CONCAT(0x716b756a71,0x4b5163596666574b5461,0x7170656b71)#', '3', NULL, 'ee8dab2f13fb5c3b46316bdb0b6438961426243519', '2015-03-30 08:42:12'),
(490, '-3306 UNION ALL SELECT CONCAT(0x716b756a71,0x4b5163596666574b5461,0x7170656b71),NULL,NULL,NULL,NULL#', '3', NULL, 'ee8dab2f13fb5c3b46316bdb0b6438961426243519', '2015-03-30 08:42:13'),
(491, '-3306 UNION ALL SELECT NULL,CONCAT(0x716b756a71,0x4b5163596666574b5461,0x7170656b71),NULL,NULL,NULL#', '3', NULL, 'ee8dab2f13fb5c3b46316bdb0b6438961426243519', '2015-03-30 08:42:13'),
(492, '-3306 UNION ALL SELECT NULL,NULL,CONCAT(0x716b756a71,0x4b5163596666574b5461,0x7170656b71),NULL,NULL#', '3', NULL, 'ee8dab2f13fb5c3b46316bdb0b6438961426243519', '2015-03-30 08:42:14'),
(493, '-3306 UNION ALL SELECT NULL,NULL,NULL,CONCAT(0x716b756a71,0x4b5163596666574b5461,0x7170656b71),NULL#', '3', NULL, 'ee8dab2f13fb5c3b46316bdb0b6438961426243519', '2015-03-30 08:42:14'),
(494, '-3306 UNION ALL SELECT NULL,NULL,NULL,NULL,CONCAT(0x716b756a71,0x4b5163596666574b5461,0x7170656b71)#', '3', NULL, 'ee8dab2f13fb5c3b46316bdb0b6438961426243519', '2015-03-30 08:42:15'),
(495, '119 AND SLEEP(5)', '3', NULL, 'ee8dab2f13fb5c3b46316bdb0b6438961426243519', '2015-03-30 08:42:15'),
(496, '119; SELECT PG_SLEEP(5)--', '3', NULL, 'ee8dab2f13fb5c3b46316bdb0b6438961426243519', '2015-03-30 08:42:16'),
(497, '119; SELECT SLEEP(5)-- ', '3', NULL, 'ee8dab2f13fb5c3b46316bdb0b6438961426243519', '2015-03-30 08:42:16'),
(498, '119 WAITFOR DELAY &#039;0:0:5&#039;--', '3', NULL, 'ee8dab2f13fb5c3b46316bdb0b6438961426243519', '2015-03-30 08:42:17'),
(499, '119', '3', NULL, 'ee8dab2f13fb5c3b46316bdb0b6438961426243519&#039; UNION ALL SELECT CONCAT(0x716b756a71,0x4b5163596666574b5461,0x7170656b71)#', '2015-03-30 08:42:18'),
(500, '119', '3', NULL, 'ee8dab2f13fb5c3b46316bdb0b6438961426243519&#039; UNION ALL SELECT CONCAT(0x716b756a71,0x4b5163596666574b5461,0x7170656b71),NULL#', '2015-03-30 08:42:18'),
(501, '119', '3', NULL, 'ee8dab2f13fb5c3b46316bdb0b6438961426243519&#039; UNION ALL SELECT NULL,CONCAT(0x716b756a71,0x4b5163596666574b5461,0x7170656b71)#', '2015-03-30 08:42:19'),
(502, '119', '3', NULL, 'ee8dab2f13fb5c3b46316bdb0b6438961426243519&#039; UNION ALL SELECT CONCAT(0x716b756a71,0x4b5163596666574b5461,0x7170656b71),NULL,NULL#', '2015-03-30 08:42:19'),
(503, '119', '3', NULL, 'ee8dab2f13fb5c3b46316bdb0b6438961426243519&#039; UNION ALL SELECT NULL,CONCAT(0x716b756a71,0x4b5163596666574b5461,0x7170656b71),NULL#', '2015-03-30 08:42:20'),
(504, '119', '3', NULL, 'ee8dab2f13fb5c3b46316bdb0b6438961426243519&#039; UNION ALL SELECT NULL,NULL,CONCAT(0x716b756a71,0x4b5163596666574b5461,0x7170656b71)#', '2015-03-30 08:42:20'),
(505, '119', '3', NULL, 'ee8dab2f13fb5c3b46316bdb0b6438961426243519&#039; UNION ALL SELECT CONCAT(0x716b756a71,0x4b5163596666574b5461,0x7170656b71),NULL,NULL,NULL#', '2015-03-30 08:42:21'),
(506, '119', '3', NULL, 'ee8dab2f13fb5c3b46316bdb0b6438961426243519&#039; UNION ALL SELECT NULL,CONCAT(0x716b756a71,0x4b5163596666574b5461,0x7170656b71),NULL,NULL#', '2015-03-30 08:42:21'),
(507, '119', '3', NULL, 'ee8dab2f13fb5c3b46316bdb0b6438961426243519&#039; UNION ALL SELECT NULL,NULL,CONCAT(0x716b756a71,0x4b5163596666574b5461,0x7170656b71),NULL#', '2015-03-30 08:42:22'),
(508, '119', '3', NULL, 'ee8dab2f13fb5c3b46316bdb0b6438961426243519&#039; UNION ALL SELECT NULL,NULL,NULL,CONCAT(0x716b756a71,0x4b5163596666574b5461,0x7170656b71)#', '2015-03-30 08:42:22'),
(509, '119', '3', NULL, 'ee8dab2f13fb5c3b46316bdb0b6438961426243519&#039; UNION ALL SELECT CONCAT(0x716b756a71,0x4b5163596666574b5461,0x7170656b71),NULL,NULL,NULL,NULL#', '2015-03-30 08:42:23'),
(510, '119', '3', NULL, 'ee8dab2f13fb5c3b46316bdb0b6438961426243519&#039; UNION ALL SELECT NULL,CONCAT(0x716b756a71,0x4b5163596666574b5461,0x7170656b71),NULL,NULL,NULL#', '2015-03-30 08:42:23'),
(511, '119', '3', NULL, 'ee8dab2f13fb5c3b46316bdb0b6438961426243519&#039; UNION ALL SELECT NULL,NULL,CONCAT(0x716b756a71,0x4b5163596666574b5461,0x7170656b71),NULL,NULL#', '2015-03-30 08:42:24'),
(512, '119', '3', NULL, 'ee8dab2f13fb5c3b46316bdb0b6438961426243519&#039; UNION ALL SELECT NULL,NULL,NULL,CONCAT(0x716b756a71,0x4b5163596666574b5461,0x7170656b71),NULL#', '2015-03-30 08:42:24'),
(513, '119', '3', NULL, 'ee8dab2f13fb5c3b46316bdb0b6438961426243519&#039; UNION ALL SELECT NULL,NULL,NULL,NULL,CONCAT(0x716b756a71,0x4b5163596666574b5461,0x7170656b71)#', '2015-03-30 08:42:25'),
(514, '119', '3', NULL, 'ee8dab2f13fb5c3b46316bdb0b6438961426243519 AND SLEEP(5)', '2015-03-30 08:42:25'),
(515, '119', '3', NULL, 'ee8dab2f13fb5c3b46316bdb0b6438961426243519; SELECT PG_SLEEP(5)--', '2015-03-30 08:42:26'),
(516, '119', '3', NULL, 'ee8dab2f13fb5c3b46316bdb0b6438961426243519; SELECT SLEEP(5)-- ', '2015-03-30 08:42:26'),
(517, '119', '3', NULL, 'ee8dab2f13fb5c3b46316bdb0b6438961426243519 WAITFOR DELAY &#039;0:0:5&#039;--', '2015-03-30 08:42:27'),
(518, '117],,])&#039;],[]', '1', NULL, 'bfc7917afac4674b8fdd78724833f5cc1421453564', '2015-03-16 10:00:17'),
(519, '117', '1', NULL, 'bfc7917afac4674b8fdd78724833f5cc1421453564),)(&#039;[[)[]', '2015-03-16 10:00:18'),
(520, '/etc/passwd', '3', NULL, 'ee8dab2f13fb5c3b46316bdb0b6438961426243519', '2015-03-30 08:45:57'),
(521, '119', '3', NULL, '/etc/passwd', '2015-03-30 08:46:00'),
(522, '../../../../../../../../etc/passwd', '3', NULL, 'ee8dab2f13fb5c3b46316bdb0b6438961426243519', '2015-03-30 08:46:05'),
(523, '119', '3', NULL, '../../../../../../../../etc/passwd', '2015-03-30 08:46:06'),
(524, '../../../../../../../../etc/passwd\0.jpg', '3', NULL, 'ee8dab2f13fb5c3b46316bdb0b6438961426243519', '2015-03-30 08:46:13'),
(525, '119', '3', NULL, '../../../../../../../../etc/passwd\0.jpg', '2015-03-30 08:46:16'),
(526, '../../../../../../../../../../etc/passwd%00', '3', NULL, 'ee8dab2f13fb5c3b46316bdb0b6438961426243519', '2015-03-30 08:46:20'),
(527, '119', '3', NULL, '../../../../../../../../../../etc/passwd%00', '2015-03-30 08:46:23'),
(528, '../../../../../../../../windows/win.ini', '3', NULL, 'ee8dab2f13fb5c3b46316bdb0b6438961426243519', '2015-03-30 08:46:28'),
(529, '119', '3', NULL, '../../../../../../../../windows/win.ini', '2015-03-30 08:46:30'),
(530, '../../../../../../../../windows/win.ini\0.jpg', '3', NULL, 'ee8dab2f13fb5c3b46316bdb0b6438961426243519', '2015-03-30 08:46:35'),
(531, '119', '3', NULL, '../../../../../../../../windows/win.ini\0.jpg', '2015-03-30 08:46:38'),
(532, '&#039;&quot;&gt;&lt;scRipt&gt;alert(98733)&lt;/sCript&gt;', '3', NULL, 'ee8dab2f13fb5c3b46316bdb0b6438961426243519', '2015-03-30 08:47:05'),
(533, '119', '3', NULL, '&#039;&quot;&gt;&lt;scRipt&gt;alert(98733)&lt;/sCript&gt;', '2015-03-30 08:47:06'),
(534, '${@print(md5(this_is_a_test_string))}', '3', NULL, 'ee8dab2f13fb5c3b46316bdb0b6438961426243519', '2015-03-30 08:47:12'),
(535, '119', '3', NULL, '${@print(md5(this_is_a_test_string))}', '2015-03-30 08:47:13'),
(536, 'print(md5(this_is_a_test_string));die();/*', '3', NULL, 'ee8dab2f13fb5c3b46316bdb0b6438961426243519', '2015-03-30 08:47:20'),
(537, '119', '3', NULL, 'print(md5(this_is_a_test_string));die();/*', '2015-03-30 08:47:22'),
(538, '109', '-49563', NULL, 'beef40dc358c9a0b27cd7946dbb351ea1426859139', '2015-03-23 08:57:18'),
(539, '117', '2', NULL, 'b60f333501b165ea1598dc2e90e7cf1b1426941393', '2015-03-21 12:37:37'),
(540, '119([[)(]])&#039;(', '1', NULL, 'ee8dab2f13fb5c3b46316bdb0b6438961426243519', '2015-03-23 08:44:43'),
(541, '119', '1', NULL, 'ee8dab2f13fb5c3b46316bdb0b6438961426243519&quot;)),&quot;.&quot;,&#039;&quot;', '2015-03-23 08:44:44'),
(542, '119&#039;; SELECT SLEEP(5)-- ', '2', NULL, 'ee8dab2f13fb5c3b46316bdb0b6438961426243519', '2015-03-30 08:42:17'),
(543, '119', '2', NULL, 'ee8dab2f13fb5c3b46316bdb0b6438961426243519&#039;; SELECT SLEEP(5)-- ', '2015-03-30 08:42:27'),
(544, '109[((,&#039;[(,)[', '1', NULL, 'beef40dc358c9a0b27cd7946dbb351ea1426859139', '2015-03-23 08:54:50'),
(545, '109', '1', NULL, 'beef40dc358c9a0b27cd7946dbb351ea1426859139,&quot;&quot;[.&quot;(&#039;.[', '2015-03-23 08:54:50'),
(546, '109&#039; UNION ALL SELECT CONCAT(0x716b756a71,0x4b5163596666574b5461,0x7170656b71)#', '1', NULL, 'beef40dc358c9a0b27cd7946dbb351ea1426859139', '2015-03-23 08:55:14'),
(547, '109&#039; UNION ALL SELECT CONCAT(0x716b756a71,0x4b5163596666574b5461,0x7170656b71),NULL#', '1', NULL, 'beef40dc358c9a0b27cd7946dbb351ea1426859139', '2015-03-23 08:55:14'),
(548, '109&#039; UNION ALL SELECT NULL,CONCAT(0x716b756a71,0x4b5163596666574b5461,0x7170656b71)#', '1', NULL, 'beef40dc358c9a0b27cd7946dbb351ea1426859139', '2015-03-23 08:55:14'),
(549, '109&#039; UNION ALL SELECT CONCAT(0x716b756a71,0x4b5163596666574b5461,0x7170656b71),NULL,NULL#', '1', NULL, 'beef40dc358c9a0b27cd7946dbb351ea1426859139', '2015-03-23 08:55:15'),
(550, '109&#039; UNION ALL SELECT NULL,CONCAT(0x716b756a71,0x4b5163596666574b5461,0x7170656b71),NULL#', '1', NULL, 'beef40dc358c9a0b27cd7946dbb351ea1426859139', '2015-03-23 08:55:15'),
(551, '109&#039; UNION ALL SELECT NULL,NULL,CONCAT(0x716b756a71,0x4b5163596666574b5461,0x7170656b71)#', '1', NULL, 'beef40dc358c9a0b27cd7946dbb351ea1426859139', '2015-03-23 08:55:16'),
(552, '109&#039; UNION ALL SELECT CONCAT(0x716b756a71,0x4b5163596666574b5461,0x7170656b71),NULL,NULL,NULL#', '1', NULL, 'beef40dc358c9a0b27cd7946dbb351ea1426859139', '2015-03-23 08:55:16'),
(553, '109&#039; UNION ALL SELECT NULL,CONCAT(0x716b756a71,0x4b5163596666574b5461,0x7170656b71),NULL,NULL#', '1', NULL, 'beef40dc358c9a0b27cd7946dbb351ea1426859139', '2015-03-23 08:55:17'),
(554, '109&#039; UNION ALL SELECT NULL,NULL,CONCAT(0x716b756a71,0x4b5163596666574b5461,0x7170656b71),NULL#', '1', NULL, 'beef40dc358c9a0b27cd7946dbb351ea1426859139', '2015-03-23 08:55:17'),
(555, '109&#039; UNION ALL SELECT NULL,NULL,NULL,CONCAT(0x716b756a71,0x4b5163596666574b5461,0x7170656b71)#', '1', NULL, 'beef40dc358c9a0b27cd7946dbb351ea1426859139', '2015-03-23 08:55:17'),
(556, '109&#039; UNION ALL SELECT CONCAT(0x716b756a71,0x4b5163596666574b5461,0x7170656b71),NULL,NULL,NULL,NULL#', '1', NULL, 'beef40dc358c9a0b27cd7946dbb351ea1426859139', '2015-03-23 08:55:18'),
(557, '109&#039; UNION ALL SELECT NULL,CONCAT(0x716b756a71,0x4b5163596666574b5461,0x7170656b71),NULL,NULL,NULL#', '1', NULL, 'beef40dc358c9a0b27cd7946dbb351ea1426859139', '2015-03-23 08:55:18'),
(558, '109&#039; UNION ALL SELECT NULL,NULL,CONCAT(0x716b756a71,0x4b5163596666574b5461,0x7170656b71),NULL,NULL#', '1', NULL, 'beef40dc358c9a0b27cd7946dbb351ea1426859139', '2015-03-23 08:55:19'),
(559, '109&#039; UNION ALL SELECT NULL,NULL,NULL,CONCAT(0x716b756a71,0x4b5163596666574b5461,0x7170656b71),NULL#', '1', NULL, 'beef40dc358c9a0b27cd7946dbb351ea1426859139', '2015-03-23 08:55:19'),
(560, '109&#039; UNION ALL SELECT NULL,NULL,NULL,NULL,CONCAT(0x716b756a71,0x4b5163596666574b5461,0x7170656b71)#', '1', NULL, 'beef40dc358c9a0b27cd7946dbb351ea1426859139', '2015-03-23 08:55:20'),
(561, '-3306 UNION ALL SELECT CONCAT(0x716b756a71,0x4b5163596666574b5461,0x7170656b71)#', '1', NULL, 'beef40dc358c9a0b27cd7946dbb351ea1426859139', '2015-03-23 08:55:20'),
(562, '-3306 UNION ALL SELECT CONCAT(0x716b756a71,0x4b5163596666574b5461,0x7170656b71),NULL#', '1', NULL, 'beef40dc358c9a0b27cd7946dbb351ea1426859139', '2015-03-23 08:55:20'),
(563, '-3306 UNION ALL SELECT NULL,CONCAT(0x716b756a71,0x4b5163596666574b5461,0x7170656b71)#', '1', NULL, 'beef40dc358c9a0b27cd7946dbb351ea1426859139', '2015-03-23 08:55:21'),
(564, '-3306 UNION ALL SELECT CONCAT(0x716b756a71,0x4b5163596666574b5461,0x7170656b71),NULL,NULL#', '1', NULL, 'beef40dc358c9a0b27cd7946dbb351ea1426859139', '2015-03-23 08:55:21'),
(565, '-3306 UNION ALL SELECT NULL,CONCAT(0x716b756a71,0x4b5163596666574b5461,0x7170656b71),NULL#', '1', NULL, 'beef40dc358c9a0b27cd7946dbb351ea1426859139', '2015-03-23 08:55:22'),
(566, '-3306 UNION ALL SELECT NULL,NULL,CONCAT(0x716b756a71,0x4b5163596666574b5461,0x7170656b71)#', '1', NULL, 'beef40dc358c9a0b27cd7946dbb351ea1426859139', '2015-03-23 08:55:22'),
(567, '-3306 UNION ALL SELECT CONCAT(0x716b756a71,0x4b5163596666574b5461,0x7170656b71),NULL,NULL,NULL#', '1', NULL, 'beef40dc358c9a0b27cd7946dbb351ea1426859139', '2015-03-23 08:55:23'),
(568, '-3306 UNION ALL SELECT NULL,CONCAT(0x716b756a71,0x4b5163596666574b5461,0x7170656b71),NULL,NULL#', '1', NULL, 'beef40dc358c9a0b27cd7946dbb351ea1426859139', '2015-03-23 08:55:23'),
(569, '-3306 UNION ALL SELECT NULL,NULL,CONCAT(0x716b756a71,0x4b5163596666574b5461,0x7170656b71),NULL#', '1', NULL, 'beef40dc358c9a0b27cd7946dbb351ea1426859139', '2015-03-23 08:55:23'),
(570, '-3306 UNION ALL SELECT NULL,NULL,NULL,CONCAT(0x716b756a71,0x4b5163596666574b5461,0x7170656b71)#', '1', NULL, 'beef40dc358c9a0b27cd7946dbb351ea1426859139', '2015-03-23 08:55:24'),
(571, '-3306 UNION ALL SELECT CONCAT(0x716b756a71,0x4b5163596666574b5461,0x7170656b71),NULL,NULL,NULL,NULL#', '1', NULL, 'beef40dc358c9a0b27cd7946dbb351ea1426859139', '2015-03-23 08:55:24'),
(572, '-3306 UNION ALL SELECT NULL,CONCAT(0x716b756a71,0x4b5163596666574b5461,0x7170656b71),NULL,NULL,NULL#', '1', NULL, 'beef40dc358c9a0b27cd7946dbb351ea1426859139', '2015-03-23 08:55:25'),
(573, '-3306 UNION ALL SELECT NULL,NULL,CONCAT(0x716b756a71,0x4b5163596666574b5461,0x7170656b71),NULL,NULL#', '1', NULL, 'beef40dc358c9a0b27cd7946dbb351ea1426859139', '2015-03-23 08:55:25'),
(574, '-3306 UNION ALL SELECT NULL,NULL,NULL,CONCAT(0x716b756a71,0x4b5163596666574b5461,0x7170656b71),NULL#', '1', NULL, 'beef40dc358c9a0b27cd7946dbb351ea1426859139', '2015-03-23 08:55:25'),
(575, '-3306 UNION ALL SELECT NULL,NULL,NULL,NULL,CONCAT(0x716b756a71,0x4b5163596666574b5461,0x7170656b71)#', '1', NULL, 'beef40dc358c9a0b27cd7946dbb351ea1426859139', '2015-03-23 08:55:26'),
(576, '109 AND SLEEP(5)', '1', NULL, 'beef40dc358c9a0b27cd7946dbb351ea1426859139', '2015-03-23 08:55:26'),
(577, '109; SELECT PG_SLEEP(5)--', '1', NULL, 'beef40dc358c9a0b27cd7946dbb351ea1426859139', '2015-03-23 08:55:27'),
(578, '109; SELECT SLEEP(5)-- ', '1', NULL, 'beef40dc358c9a0b27cd7946dbb351ea1426859139', '2015-03-23 08:55:27'),
(579, '109&#039;; SELECT SLEEP(5)-- ', '1', NULL, 'beef40dc358c9a0b27cd7946dbb351ea1426859139', '2015-03-23 08:55:28'),
(580, '109 WAITFOR DELAY &#039;0:0:5&#039;--', '1', NULL, 'beef40dc358c9a0b27cd7946dbb351ea1426859139', '2015-03-23 08:55:28'),
(581, '109', '1', NULL, 'beef40dc358c9a0b27cd7946dbb351ea1426859139&#039; UNION ALL SELECT CONCAT(0x716b756a71,0x4b5163596666574b5461,0x7170656b71)#', '2015-03-23 08:55:28'),
(582, '109', '1', NULL, 'beef40dc358c9a0b27cd7946dbb351ea1426859139&#039; UNION ALL SELECT CONCAT(0x716b756a71,0x4b5163596666574b5461,0x7170656b71),NULL#', '2015-03-23 08:55:29'),
(583, '109', '1', NULL, 'beef40dc358c9a0b27cd7946dbb351ea1426859139&#039; UNION ALL SELECT NULL,CONCAT(0x716b756a71,0x4b5163596666574b5461,0x7170656b71)#', '2015-03-23 08:55:29'),
(584, '109', '1', NULL, 'beef40dc358c9a0b27cd7946dbb351ea1426859139&#039; UNION ALL SELECT CONCAT(0x716b756a71,0x4b5163596666574b5461,0x7170656b71),NULL,NULL#', '2015-03-23 08:55:30'),
(585, '109', '1', NULL, 'beef40dc358c9a0b27cd7946dbb351ea1426859139&#039; UNION ALL SELECT NULL,CONCAT(0x716b756a71,0x4b5163596666574b5461,0x7170656b71),NULL#', '2015-03-23 08:55:30');
INSERT INTO `cart` (`ID`, `CakeID`, `Quantity`, `CreateTime`, `UserID`, `UpdateTime`) VALUES
(586, '109', '1', NULL, 'beef40dc358c9a0b27cd7946dbb351ea1426859139&#039; UNION ALL SELECT NULL,NULL,CONCAT(0x716b756a71,0x4b5163596666574b5461,0x7170656b71)#', '2015-03-23 08:55:31'),
(587, '109', '1', NULL, 'beef40dc358c9a0b27cd7946dbb351ea1426859139&#039; UNION ALL SELECT CONCAT(0x716b756a71,0x4b5163596666574b5461,0x7170656b71),NULL,NULL,NULL#', '2015-03-23 08:55:31'),
(588, '109', '1', NULL, 'beef40dc358c9a0b27cd7946dbb351ea1426859139&#039; UNION ALL SELECT NULL,CONCAT(0x716b756a71,0x4b5163596666574b5461,0x7170656b71),NULL,NULL#', '2015-03-23 08:55:31'),
(589, '109', '1', NULL, 'beef40dc358c9a0b27cd7946dbb351ea1426859139&#039; UNION ALL SELECT NULL,NULL,CONCAT(0x716b756a71,0x4b5163596666574b5461,0x7170656b71),NULL#', '2015-03-23 08:55:32'),
(590, '109', '1', NULL, 'beef40dc358c9a0b27cd7946dbb351ea1426859139&#039; UNION ALL SELECT NULL,NULL,NULL,CONCAT(0x716b756a71,0x4b5163596666574b5461,0x7170656b71)#', '2015-03-23 08:55:32'),
(591, '109', '1', NULL, 'beef40dc358c9a0b27cd7946dbb351ea1426859139&#039; UNION ALL SELECT CONCAT(0x716b756a71,0x4b5163596666574b5461,0x7170656b71),NULL,NULL,NULL,NULL#', '2015-03-23 08:55:33'),
(592, '109', '1', NULL, 'beef40dc358c9a0b27cd7946dbb351ea1426859139&#039; UNION ALL SELECT NULL,CONCAT(0x716b756a71,0x4b5163596666574b5461,0x7170656b71),NULL,NULL,NULL#', '2015-03-23 08:55:33'),
(593, '109', '1', NULL, 'beef40dc358c9a0b27cd7946dbb351ea1426859139&#039; UNION ALL SELECT NULL,NULL,CONCAT(0x716b756a71,0x4b5163596666574b5461,0x7170656b71),NULL,NULL#', '2015-03-23 08:55:34'),
(594, '109', '1', NULL, 'beef40dc358c9a0b27cd7946dbb351ea1426859139&#039; UNION ALL SELECT NULL,NULL,NULL,CONCAT(0x716b756a71,0x4b5163596666574b5461,0x7170656b71),NULL#', '2015-03-23 08:55:34'),
(595, '109', '1', NULL, 'beef40dc358c9a0b27cd7946dbb351ea1426859139&#039; UNION ALL SELECT NULL,NULL,NULL,NULL,CONCAT(0x716b756a71,0x4b5163596666574b5461,0x7170656b71)#', '2015-03-23 08:55:34'),
(596, '109', '1', NULL, 'beef40dc358c9a0b27cd7946dbb351ea1426859139 AND SLEEP(5)', '2015-03-23 08:55:35'),
(597, '109', '1', NULL, 'beef40dc358c9a0b27cd7946dbb351ea1426859139; SELECT PG_SLEEP(5)--', '2015-03-23 08:55:35'),
(598, '109', '1', NULL, 'beef40dc358c9a0b27cd7946dbb351ea1426859139; SELECT SLEEP(5)-- ', '2015-03-23 08:55:36'),
(599, '109', '1', NULL, 'beef40dc358c9a0b27cd7946dbb351ea1426859139&#039;; SELECT SLEEP(5)-- ', '2015-03-23 08:55:36'),
(600, '109', '1', NULL, 'beef40dc358c9a0b27cd7946dbb351ea1426859139 WAITFOR DELAY &#039;0:0:5&#039;--', '2015-03-23 08:55:37'),
(601, '/etc/passwd', '1', NULL, 'beef40dc358c9a0b27cd7946dbb351ea1426859139', '2015-03-23 08:56:39'),
(602, '109', '1', NULL, '/etc/passwd', '2015-03-23 08:56:41'),
(603, '../../../../../../../../etc/passwd', '1', NULL, 'beef40dc358c9a0b27cd7946dbb351ea1426859139', '2015-03-23 08:56:47'),
(604, '109', '1', NULL, '../../../../../../../../etc/passwd', '2015-03-23 08:56:49'),
(605, '../../../../../../../../etc/passwd\0.jpg', '1', NULL, 'beef40dc358c9a0b27cd7946dbb351ea1426859139', '2015-03-23 08:56:52'),
(606, '109', '1', NULL, '../../../../../../../../etc/passwd\0.jpg', '2015-03-23 08:56:54'),
(607, '../../../../../../../../../../etc/passwd%00', '1', NULL, 'beef40dc358c9a0b27cd7946dbb351ea1426859139', '2015-03-23 08:56:59'),
(608, '109', '1', NULL, '../../../../../../../../../../etc/passwd%00', '2015-03-23 08:57:01'),
(609, '../../../../../../../../windows/win.ini', '1', NULL, 'beef40dc358c9a0b27cd7946dbb351ea1426859139', '2015-03-23 08:57:04'),
(610, '109', '1', NULL, '../../../../../../../../windows/win.ini', '2015-03-23 08:57:05'),
(611, '../../../../../../../../windows/win.ini\0.jpg', '1', NULL, 'beef40dc358c9a0b27cd7946dbb351ea1426859139', '2015-03-23 08:57:09'),
(612, '109', '1', NULL, '../../../../../../../../windows/win.ini\0.jpg', '2015-03-23 08:57:11'),
(613, '&#039;&quot;&gt;&lt;scRipt&gt;alert(98733)&lt;/sCript&gt;', '1', NULL, 'beef40dc358c9a0b27cd7946dbb351ea1426859139', '2015-03-23 08:57:45'),
(614, '109', '1', NULL, '&#039;&quot;&gt;&lt;scRipt&gt;alert(98733)&lt;/sCript&gt;', '2015-03-23 08:57:46'),
(615, '${@print(md5(this_is_a_test_string))}', '1', NULL, 'beef40dc358c9a0b27cd7946dbb351ea1426859139', '2015-03-23 08:57:55'),
(616, '109', '1', NULL, '${@print(md5(this_is_a_test_string))}', '2015-03-23 08:57:56'),
(617, 'print(md5(this_is_a_test_string));die();/*', '1', NULL, 'beef40dc358c9a0b27cd7946dbb351ea1426859139', '2015-03-23 08:58:15'),
(618, '109', '1', NULL, 'print(md5(this_is_a_test_string));die();/*', '2015-03-23 08:58:17'),
(638, '109', '1', NULL, 'e7c582fbf252af91d2ce1fe0e3b467751427277089', '2015-03-25 10:30:40'),
(640, '109', '1', NULL, 'eda30efd6fe962d775170202aab0476e1427276591', '2015-03-25 10:37:10'),
(641, '117', '4', NULL, 'e7c582fbf252af91d2ce1fe0e3b467751427277089', '2015-03-25 10:39:59'),
(644, '109', '2', NULL, 'b4a3672aadec1eeca8223f61f0ebcd301425528010', '2015-03-26 01:39:42'),
(647, '114', '4', NULL, '0a6e6d59d32bc6eac3d733a3e5e509e61422081794', '2015-04-06 08:46:41'),
(648, '106', '1', NULL, '3a3aa740e753714c75954e846435eb7f1427334463', '2015-03-26 01:50:28'),
(649, '108', '5', NULL, '0a6e6d59d32bc6eac3d733a3e5e509e61422081794', '2015-03-26 01:58:10'),
(650, '108', '1', NULL, '5cf8f5d6b7108adb2a1e98c42f92a1491426848636', '2015-03-26 01:58:15'),
(652, '119],&quot;)(.&#039;.[)', '1', NULL, 'ee8dab2f13fb5c3b46316bdb0b6438961426243519', '2015-03-30 08:41:33'),
(653, '119', '1', NULL, 'ee8dab2f13fb5c3b46316bdb0b6438961426243519(),&quot;&#039;,&quot;[[]', '2015-03-30 08:41:33'),
(654, '117', '1', NULL, '60ef9a162c05ffe3b2886bfb6e6e44981427720069', '2015-03-30 12:54:36'),
(684, '117', '1', NULL, '595c863c491a5f2f0c18a8f7b6f9a8ad1428129618', '2015-04-04 06:46:29'),
(685, '113', '1', NULL, 'c2823a645c6d164630d879dc98b2f7ab1421404957', '2015-04-04 12:53:11'),
(687, '109', '1', NULL, 'd91c7ea9ac10b8c223f9ec8d3232b3601428499493', '2015-04-08 13:24:57'),
(688, '116', '1', NULL, '0d2686695e075e399fe1fde5986b7c4a1428545505', '2015-04-09 02:16:03'),
(690, '117', '1', NULL, '0d2686695e075e399fe1fde5986b7c4a1428545505', '2015-04-17 01:09:57'),
(691, '106', '1', NULL, '5a644c2212f35712fbfab894693353211424109692', '2015-04-20 17:01:18'),
(692, '111', '4', NULL, '48d5bd762b1f9cc1513e181487cc617b1429777480', '2015-04-23 08:25:00'),
(693, '111', '3', NULL, '052b2099b29717d790b7bf4498a9826f1427682818', '2015-04-23 08:29:19'),
(694, '111', '4', NULL, '924f47885dd7cdabb4b2c96001dab0231429776967', '2015-04-23 08:52:38'),
(697, '105', '1', NULL, '4c2e28867d39236197855fc1877d08b41429877772', '2015-04-24 12:16:46'),
(700, '119', '1', NULL, '142b5e9ff44ba1f006aade649bf4242e1429930797', '2015-04-25 03:03:21'),
(701, '109', '2', NULL, '1d44e531266d5cf68ad6bcc7a2c0ffb91430221632', '2015-04-29 00:01:49'),
(702, '111', '7', NULL, 'f0691ed6e4fd88de564cd21f21b8c5151430012310', '2015-05-05 14:38:59'),
(704, '109', '1', NULL, '3525b1a8177e97f91ba912ecffa60ddc1431257553', '2015-05-10 11:34:29'),
(705, '108', '1', NULL, '94193f2f844e20b0beba6789992f89e31429864027', '2015-05-19 03:44:51'),
(707, '117', '1', NULL, 'a07d18779ca19194205c7785262e08d01432650349', '2015-05-26 14:47:11'),
(709, '109', '1', NULL, 'd6514551c37c5304b8bb009df972ac841433488001', '2015-06-05 07:06:43'),
(710, '108', '1', NULL, 'b7003d1e663a76b04b8db534ee1ab6be1433773955', '2015-06-08 14:32:39'),
(711, '111', '3', NULL, '1ef2ae723eddd316470fb6d85e3dd5e31434031187', '2015-06-11 14:00:02'),
(713, '107', '1', NULL, 'ff509789a331f8a621f5138c86cc62751434204917', '2015-06-13 15:45:57'),
(714, '118', '1', NULL, 'ecf53d0bd09bd2a70888661373cbab861434503152', '2015-06-17 01:10:45'),
(716, '109', '1', NULL, '64a6c54ae77ff636a7f7193fa31312631430796114', '2015-06-22 16:58:41'),
(718, '109', '1', NULL, '969eb1c1cbc118c191fd91bb60dd49b91435984906', '2015-07-04 04:42:09'),
(719, '108', '2', NULL, '969eb1c1cbc118c191fd91bb60dd49b91435984906', '2015-07-04 04:42:25'),
(723, '109', '1', NULL, '9d39446593f1ffd5a19f324f01640b321436007890', '2015-07-04 11:05:13'),
(724, '117', '1', NULL, '9d39446593f1ffd5a19f324f01640b321436007890', '2015-07-04 11:06:59'),
(725, '111', '1', NULL, '5974dacc96b0f099c8520f49a026c7321435984903', '2015-07-05 00:59:53'),
(726, '114', '1', NULL, 'd8e6512ffc51f398c2195bf7adc031b01436064681', '2015-07-05 02:51:41'),
(727, '106', '1', NULL, '5974dacc96b0f099c8520f49a026c7321435984903', '2015-07-15 07:36:15'),
(728, '117', '2', NULL, '948b280affe4f605b9c2ff311f364e331438004598', '2015-07-27 13:51:53'),
(729, '112', '2', NULL, 'b23c84049f9daa5bdec2d59440192a801438175426', '2015-07-29 13:11:05'),
(731, '111', '1', NULL, '0a0fb5ec151ccc5ad2a334c70ac379721439359388', '2015-08-12 06:03:20'),
(734, '108', '1', NULL, '49da74afd7b08e04fdb75680492bb1fb1439439040', '2015-08-13 04:23:45'),
(736, '109', '1', NULL, '60823e7b4e86227d0e0022b7065ae1201439520958', '2015-08-14 08:28:02'),
(737, '112', '2', NULL, 'cac91198ab8900d09408031b014936f91439728769', '2015-08-16 12:47:35'),
(739, '114', '1', NULL, '07ca0ff89c58d364f8bcf56c774a38001442819372', '2015-09-21 07:09:42'),
(740, '117', '1', NULL, 'cdb22a5eff7011f828130276125e9bfa1443517263', '2015-09-29 09:01:14'),
(744, '109', '2', NULL, 'ed11705e2a4ea072fc4971f0edd3ed5c1441957774', '2015-10-07 14:14:42'),
(747, '111', '1', NULL, '148f37f9bc9b8827df43320c2923089f1445391128', '2015-10-23 09:54:41'),
(748, '109', '1', NULL, '14a5b87d6879fce1be359263410935061446532325', '2015-11-03 06:36:29'),
(750, '111', '1', NULL, 'e9091d1ae559649114cb7607bcba42631448343223', '2015-11-24 05:35:05');

-- --------------------------------------------------------

--
-- 表的结构 `home_img`
--

CREATE TABLE IF NOT EXISTS `home_img` (
  `ID` int(11) NOT NULL AUTO_INCREMENT,
  `PictureName` varchar(254) DEFAULT NULL,
  `Link` varchar(254) DEFAULT NULL,
  `Price` varchar(254) DEFAULT NULL,
  `Active` varchar(10) DEFAULT NULL,
  PRIMARY KEY (`ID`)
) ENGINE=InnoDB  DEFAULT CHARSET=utf8 AUTO_INCREMENT=6 ;

--
-- 转存表中的数据 `home_img`
--

INSERT INTO `home_img` (`ID`, `PictureName`, `Link`, `Price`, `Active`) VALUES
(1, 'home_img1.jpg', '109', '111111111', '1'),
(2, 'home_img2.jpg', '111', '11111', '1'),
(3, 'home_img3.jpg', '117', '1', '1'),
(4, 'home_img4.jpg', '71', NULL, '1'),
(5, 'home_img5.jpg', '28', NULL, '');

-- --------------------------------------------------------

--
-- 表的结构 `listfirst`
--

CREATE TABLE IF NOT EXISTS `listfirst` (
  `Id` int(11) NOT NULL AUTO_INCREMENT,
  `Name` varchar(255) DEFAULT NULL COMMENT '类名称',
  `BGimg` varchar(255) DEFAULT NULL COMMENT '类的背景图片',
  `navListIcon` varchar(255) DEFAULT 'img/icon_birthday.png' COMMENT 'NAV中的图标',
  PRIMARY KEY (`Id`)
) ENGINE=InnoDB  DEFAULT CHARSET=utf8 COMMENT='第一级分类' AUTO_INCREMENT=4 ;

--
-- 转存表中的数据 `listfirst`
--

INSERT INTO `listfirst` (`Id`, `Name`, `BGimg`, `navListIcon`) VALUES
(1, '高级生日蛋糕系列', 'bgimg1.jpg', 'img/icon_birthday.png'),
(2, '高级冷点系列', 'bgimg2.jpg', 'img/icon_snacks.png'),
(3, '手信系列', 'bgimg3.jpg', 'img/icon_gift.png');

-- --------------------------------------------------------

--
-- 表的结构 `listsec`
--

CREATE TABLE IF NOT EXISTS `listsec` (
  `Id` int(11) NOT NULL AUTO_INCREMENT,
  `Name` varchar(255) DEFAULT NULL COMMENT '类名称',
  `BGimg` varchar(255) DEFAULT NULL COMMENT '类的背景图片',
  `ListImg` varchar(255) DEFAULT NULL COMMENT '大类中小类列表的图',
  `firID` int(11) DEFAULT NULL COMMENT '所属一级分类的ID',
  PRIMARY KEY (`Id`)
) ENGINE=InnoDB  DEFAULT CHARSET=utf8 COMMENT='第二级分类' AUTO_INCREMENT=13 ;

--
-- 转存表中的数据 `listsec`
--

INSERT INTO `listsec` (`Id`, `Name`, `BGimg`, `ListImg`, `firID`) VALUES
(1, '高纯度巧克力系列', 'classimg1.jpg', 'classimg1_int.jpg', 1),
(2, '进口芝士系列', 'classimg2.jpg', 'classimg2_int.jpg', 1),
(3, '摩丝系列即将上市', 'classimg3.jpg', 'classimg3_int.jpg', 1),
(4, '特色系列即将上市', 'classimg4.jpg', 'classimg4_int.jpg', 1),
(5, '奶冻系列 即将上市', 'classimg5.jpg', 'classimg5_int.jpg', 2),
(6, '特色甜点系列 即将上市', 'classimg6.jpg', 'classimg6_int.jpg', 2),
(7, '天然曲奇 即将上市', 'classimg7.jpg', 'classimg7_int.jpg', 3),
(8, '月饼系列 即将上市', 'classimg8.jpg', 'classimg8_int.jpg', 3),
(9, '节庆系列即将上市', 'classimg9.jpg', 'classimg9_int.jpg', 1),
(10, 'Coming Soon', 'classimg10.jpg', 'classimg10_int.jpg', 1),
(11, '即将上市', 'classimg11.jpg', 'classimg11_int.jpg', 2),
(12, '即将上市', 'classimg12.jpg', 'classimg12_int.jpg', 3);

-- --------------------------------------------------------

--
-- 表的结构 `option`
--

CREATE TABLE IF NOT EXISTS `option` (
  `ID` int(11) NOT NULL AUTO_INCREMENT,
  `LowFreePrice` varchar(45) DEFAULT NULL,
  PRIMARY KEY (`ID`)
) ENGINE=InnoDB  DEFAULT CHARSET=utf8 AUTO_INCREMENT=3 ;

--
-- 转存表中的数据 `option`
--

INSERT INTO `option` (`ID`, `LowFreePrice`) VALUES
(1, '180'),
(2, '35');

-- --------------------------------------------------------

--
-- 表的结构 `order`
--

CREATE TABLE IF NOT EXISTS `order` (
  `ID` int(11) NOT NULL AUTO_INCREMENT,
  `Name` varchar(254) DEFAULT NULL,
  `Phone` varchar(254) DEFAULT NULL,
  `City` varchar(255) DEFAULT NULL,
  `Address` text,
  `Remarks` text,
  `CreateTime` timestamp NULL DEFAULT CURRENT_TIMESTAMP,
  `Price` varchar(45) DEFAULT '0',
  `Time` varchar(254) DEFAULT NULL,
  `OrderNumber` varchar(254) DEFAULT NULL,
  PRIMARY KEY (`ID`)
) ENGINE=InnoDB  DEFAULT CHARSET=utf8 AUTO_INCREMENT=284 ;

--
-- 转存表中的数据 `order`
--

INSERT INTO `order` (`ID`, `Name`, `Phone`, `City`, `Address`, `Remarks`, `CreateTime`, `Price`, `Time`, `OrderNumber`) VALUES
(133, '现在还', '11111111111', '白云区', '幽默', '', '2015-01-18 01:53:05', '188.00', '12月1日5', '15011809AM6965'),
(134, '现在还', '11111111111', '白云区', '幽默', '', '2015-01-18 02:14:52', '198.00', '1月2日1', '15011810AM4878'),
(135, '现在还', '11111111111', '越秀区', '15522555', '', '2015-01-18 02:19:09', '0.00', '4月1日5', '15011810AM2268'),
(136, 'rex', '1221', '天河区', 'sh ha h s j j s', '', '2015-01-20 12:51:41', '356.00', '01月22日10:30', '15012008PM6692'),
(137, '2', '4586', '海珠区', '流量监控', '', '2015-01-22 01:18:36', '356.00', '2月5日12:54', '15012209AM3041'),
(138, '2', '4586', '海珠区', '流量监控', '', '2015-01-23 01:13:05', '188.00', '2月5日12:25', '15012309AM1611'),
(139, 'y y', '13325253568', '--', 'gu h g g', '', '2015-01-23 01:19:17', '0.00', '5月2日2：30', '15012309AM3433'),
(140, '不说的', '1234567890', '天河区', '火星', '', '2015-01-25 15:37:57', '188.00', '0月0日零零柒', '15012511PM5140'),
(141, '黄包子', '13288094701', '白云区', '白云区龙归园夏大道东b2号姜浩张超画室', '巧克力字牌：献给美丽的耶耶', '2015-01-27 11:43:28', '198.00', '1月30日傍晚', '15012707PM2459'),
(142, 'gg', '23885', '海珠区', 'g h h b', '', '2015-02-13 06:05:11', '0.00', '85月8日b j j', '15021302PM7930'),
(143, '没', '有', '海珠区', '哦', '不买算了', '2015-02-13 07:42:53', '356.00', '13月32日25点', '15021303PM6539'),
(144, '邓小姐', '18666623883', '白云区', '广园中路景泰西三巷26号302房', '', '2015-02-13 08:10:31', '198.00', '2月14日17:30', '15021304PM8656'),
(145, 'Rex', '13925811101', '--', '', '', '2015-02-16 06:00:04', '356.00', '2月16日12', '15021602PM5061'),
(146, 'Rex', '13925811101', '天河区', '工厂拿\n', '', '2015-02-16 06:01:26', '356.00', '02月17日15', '15021602PM3446'),
(147, 'Rex', '13925811101', '天河区', '工厂拿\n', '', '2015-02-16 07:20:45', '188.00', '12月2日15', '15021603PM7545'),
(148, 'r', '155845666', '--', '', '', '2015-02-21 00:45:08', '188.00', '02月25日12', '15022108AM6114'),
(149, 'r', '155845666', '--', '', '', '2015-02-21 00:46:23', '198.00', '02月25日13', '15022108AM6042'),
(150, 'vcx', 'vxvx', '黄埔区', 'vxvxcv', 'yy', '2015-02-26 04:22:46', '356.00', '201月414日4444', '15022612PM8549'),
(151, '是', '不然', '天河区', '5225\n', '', '2015-03-03 08:38:32', '188.00', '5月2日255', '15030304PM3067'),
(152, '测试', '111', '黄埔区', '111', '', '2015-03-13 11:19:56', '188.00', '555月555日555', '15031307PM2470'),
(153, '项', '18320176509', '白云区', '白云区富力桃园E6-1003', '可以帮我加个牌子，写“露依生日快乐”吗？写不下的话，“LY生日快乐”也可以', '2015-03-15 06:16:33', '188.00', '3月17日18：00', '15031502PM6165'),
(154, '测试', '111', '黄埔区', '111', '', '2015-03-15 09:15:23', '188.00', '2月22日22', '15031505PM3957'),
(155, 'fa y', '18620285711', '海珠区', '测试支付', '', '2015-03-24 09:51:23', '188.00', '3月31日18:30', '15032405PM2477'),
(156, '测试', '肾6', '黄埔区', '111', '', '2015-03-24 11:53:23', '188.00', '21月32日25', '15032407PM9952'),
(157, 'dsf', 'asd', '越秀区', 'df', '', '2015-03-25 08:45:49', '544.00', 'ds月ds日e', '15032504PM6665'),
(158, '2', '4586', '海珠区', '流量监控', '', '2015-03-25 08:48:46', '722.00', '8月5日55', '15032504PM4758'),
(159, '2', '4586', '海珠区', '流量监控', '', '2015-03-25 09:16:29', '544.00', '5月5日56', '15032505PM5782'),
(160, '2', '4586', '海珠区', '流量监控', '', '2015-03-25 09:16:51', '0', '', '15032505PM5782'),
(161, 'dsf', 'asd', '越秀区', 'df', '', '2015-03-25 09:17:39', '188.00', 's月d日sds', '15032505PM7604'),
(162, 'dsf', 'asd', '越秀区', 'df', '', '2015-03-25 09:18:17', '188.00', '3月3日33', '15032505PM4459'),
(163, '2', '4586', '海珠区', '流量监控', '', '2015-03-25 09:19:37', '188.00', '5月8日:55', '15032505PM7824'),
(164, '2', '4586', '海珠区', '流量监控', '', '2015-03-25 09:22:32', '188.00', '2月8日55', '15032505PM8912'),
(165, '2', '4586', '海珠区', '流量监控', '', '2015-03-25 09:23:40', '198.00', '2月5日58', '15032505PM1712'),
(166, '2', '4586', '海珠区', '流量监控', '', '2015-03-25 09:24:26', '188.00', '5月5日25', '15032505PM2003'),
(167, '2', '4586', '海珠区', '流量监控', '', '2015-03-25 09:26:18', '188.00', '2月5日55', '15032505PM3767'),
(168, '2', '4586', '海珠区', '流量监控', '', '2015-03-25 09:27:42', '188.00', '2月8日255', '15032505PM4050'),
(169, '2', '4586', '海珠区', '流量监控', '', '2015-03-25 09:28:31', '356.00', '5月8日555', '15032505PM1738'),
(170, 'hi', '12365847663', '天河区', 'dgg', '', '2015-03-25 09:46:48', '356.00', '2月5日45:67', '15032505PM2109'),
(171, 'gg', '12563985456', '黄埔区', 'Test', '', '2015-03-25 10:03:14', '386.00', '6月2日57', '15032506PM5325'),
(172, 'hi', '12365847663', '天河区', 'dgg', '', '2015-03-25 10:32:30', '188.00', '6月8日thw', '15032506PM1670'),
(173, '2', '4586', '海珠区', '流量监控', '', '2015-03-25 11:00:40', '554.00', '2月5日刚刚', '15032507PM1080'),
(174, 'bj', '2255', '海珠区', 'g ji', '', '2015-03-25 12:55:41', '188.00', '8月8日v h', '15032508PM4615'),
(175, '2', '4586', '海珠区', '流量监控', '', '2015-03-31 05:54:14', '356.00', '5月5日空', '15033101PM2807'),
(176, '2', '4586', '海珠区', '流量监控', '添加', '2015-03-31 06:28:49', '188.00', '2月5日啦啦啦', '15033102PM2597'),
(177, '2', '4586', '海珠区', '流量监控', '', '2015-03-31 06:32:31', '188.00', '2月5日看看', '15033102PM3119'),
(178, '2', '4586', '海珠区', '流量监控', '', '2015-03-31 06:36:45', '188.00', '2月5日558', '15033102PM8264'),
(179, '2', '4586', '海珠区', '流量监控', '', '2015-03-31 06:41:51', '188.00', '5月5日585', '15033102PM6903'),
(180, '2', '4586', '海珠区', '流量监控', '', '2015-03-31 07:05:04', '188.00', '5月5日25', '15033103PM4543'),
(181, '2', '4586', '海珠区', '流量监控', '', '2015-03-31 07:10:51', '188.00', '5月5日快乐', '15033103PM3025'),
(182, '2', '4586', '海珠区', '流量监控', '', '2015-03-31 07:40:12', '188.00', '5月5日555', '15033103PM6269'),
(183, '2', '4586', '海珠区', '流量监控', '', '2015-03-31 07:46:40', '188.00', '2月5日55', '15033103PM4966'),
(184, '2', '4586', '海珠区', '流量监控', '', '2015-03-31 07:51:21', '188.00', '56月5日55', '15033103PM4580'),
(185, '2', '4586', '海珠区', '流量监控', '', '2015-03-31 07:57:01', '188.00', '5月5日55', '15033103PM5708'),
(186, '2', '4586', '海珠区', '流量监控', '', '2015-03-31 07:59:14', '386.00', '2月5日55', '15033103PM3739'),
(187, '2', '4586', '海珠区', '流量监控', '', '2015-03-31 08:00:29', '188.00', '2月55日55', '15033104PM1660'),
(188, '2', '4586', '海珠区', '流量监控', '', '2015-03-31 08:01:46', '188.00', '5月5日55', '15033104PM3798'),
(189, '2', '4586', '海珠区', '流量监控', '', '2015-03-31 08:03:03', '188.00', '5月5日啦啦啦', '15033104PM9477'),
(190, '刘小姐', '18620285711', '海珠区', '测试支付', '', '2015-04-03 04:28:10', '534.00', '4月6日下午或晚上', '15040312PM3496'),
(191, '', '', '', '', '', '2015-04-06 08:42:28', '0', '', '15033103PM6269'),
(192, '', '', '', '', '', '2015-04-06 08:42:55', '0', '', '15033103PM6269'),
(193, '', '', '', '', '', '2015-04-06 08:43:06', '0', '', '15033103PM6269'),
(194, 'dsf', 'asd', '越秀区', 'df', '', '2015-04-08 08:18:23', '0', '', '15040804PM7009'),
(195, 'wwe', 'wer', '白云区', 'wer', '', '2015-04-08 08:19:34', '356.00', '213月123日12312', '15040804PM2475'),
(196, 'wwe', 'wer', '白云区', 'wer', '', '2015-04-08 08:20:15', '0', '', '15040804PM2475'),
(197, 'wwe', 'wer', '白云区', 'wer', '', '2015-04-08 08:20:20', '0', '', '15040804PM2475'),
(198, 'wwe', 'wer', '白云区', 'wer', '', '2015-04-08 08:23:46', '0', '', '15040804PM2475'),
(199, 'wwe', 'wer', '白云区', 'wer', '', '2015-04-08 08:26:33', '0', '', '15040804PM2475'),
(200, 'dsf', 'asd', '越秀区', 'df', '', '2015-04-08 08:29:49', '0', '', '15040804PM6851'),
(201, 'dsf', 'asd', '越秀区', 'df', '', '2015-04-08 08:30:02', '0', '', '15040804PM6851'),
(202, 'dsf', 'asd', '越秀区', 'df', '', '2015-04-08 08:31:02', '0', '', '15040804PM2709'),
(203, 'wwe', 'wer', '白云区', 'wer', '', '2015-04-08 08:47:04', '0', '', '这是测试订单号'),
(204, '', '', '', '', '', '2015-04-13 08:31:32', '0', '', '15033103PM6269'),
(205, '', '', '', '', '', '2015-04-13 08:31:41', '0', '', '15033103PM6269'),
(206, '', '', '', '', '', '2015-04-20 08:29:16', '0', '', '15033103PM6269'),
(207, '', '', '', '', '', '2015-04-20 08:29:24', '0', '', '15033103PM6269'),
(208, '', '', '', '', '', '2015-04-23 09:08:03', '0', '', '15042305PM3447'),
(209, '钟诗颖', '13602485432', '天河区', '天河区五山华工东二集十六对面玻璃屋', '', '2015-04-23 09:08:04', '356.00', '4月24日14:30', '15042305PM3447'),
(210, '钟诗颖', '13602485432', '天河区', '天河区五山华工东二集十六对面玻璃屋', '', '2015-04-23 09:09:24', '356.00', '4月24日14:30', '15042305PM2842'),
(211, '', '', '', '', '', '2015-04-23 09:09:25', '0', '', '15042305PM2842'),
(212, '', '', '', '', '', '2015-04-24 14:26:21', '0', '', '15042410PM3763'),
(213, '古雅卉', '18620108847', '天河区', ' 广州市天河北金田花园金适翠居2403房', '', '2015-04-24 14:26:21', '188.00', '4月25日15', '15042410PM3763'),
(214, '陈锦棠', '15088050942', '天河区', '五山华南理工大学东二集16栋对面玻璃屋', '写上“Smile”五个字母，谢谢', '2015-05-06 11:25:41', '198.00', '5月7日15~16点', '15050607PM5757'),
(215, '李小姐', '18620474055', '天河区', '广州天河区兴盛路3号隽峰苑A8 2504房 ', '蛋糕上请写 Sami happy birthday', '2015-05-26 06:49:14', '198.00', '05月28日15点', '15052602PM8706'),
(216, '饶', '18620285711', '--', '', '写“祝美貌与智慧并重的楠楠生日快乐！”', '2015-06-01 06:38:57', '188.00', '6月4日15:00', '15060102PM4160'),
(217, '', '', '', '', '', '2015-06-08 08:33:06', '0', '', '15060102PM4160'),
(218, '杨', '18620285711', '--', '', '', '2015-06-13 09:46:44', '188.00', '6月14日18:00', '15061305PM5240'),
(219, '骗你的', '23333333', '白云区', '', '试试', '2015-06-22 16:58:05', '188.00', '0月0日0', '15062312AM4267'),
(220, '', '', '', '', '', '2015-06-22 16:58:05', '0', '', '15062312AM4267'),
(221, '葛小姐', '13538988834', '天河区', '待定', '', '2015-06-28 14:58:09', '188.00', '6月29日18', '15062810PM6186'),
(222, '王仁惠', '15013198795', '天河区', '天河北路183号大都会广场38楼', 'love u', '2015-08-11 07:44:40', '356.00', '8月20日16', '15081103PM5959'),
(223, '', '', '', '', '', '2015-08-11 07:58:14', '0', '', '15081103PM5959'),
(224, 'dd', 'dd', '黄埔区', 'dd', '', '2015-08-13 04:13:30', '188.00', '2月22日2', '15081312PM3325'),
(225, 'dd', 'dd', '黄埔区', 'dd', '', '2015-08-13 04:13:31', '0', '2月22日2', '15081312PM3325'),
(226, '黄凯健', '13660231111', '越秀区', '越秀北路223号', '请明天中午1点半送到北园酒家', '2015-08-13 04:16:07', '188.00', '8月14日14:30', '15081312PM3722'),
(227, '', '', '', '', '', '2015-08-13 04:29:39', '0', '', '15081312PM3722'),
(228, '黄凯健', '13660231111', '越秀区', '越秀北路223号', '', '2015-08-13 07:02:49', '356.00', '8月14日14:30', '15081302PM9588'),
(229, '黄琼玲', '13544359319', '白云区', '广州市白云区乐嘉路乐淘街金迪城市花园金汇阁1509室', '写上：     乖520乖\n       HAPPY BIRTHDAY', '2015-09-29 13:27:41', '188.00', '09月30日6：50', '15092909PM2581'),
(230, '程昕', '18998361812', '天河区', '护林路珠村牌坊对面，翠屏富通雅苑', '需要儿童寿星皇冠，生日蜡烛，20付餐盘勺子。写上真真宝贝生日快乐', '2015-10-06 03:25:01', '356.00', '10月07日下午4：00', '15100611AM7761'),
(231, '曾颖', '13802404624', '天河区', '广州市天河区马场路珠光新城商务中心', '', '2015-10-13 13:50:16', '188.00', '10月14日15:00', '15101309PM1662'),
(232, '曾颖', '13802404624', '天河区', '广州市天河区马场路珠光新城商务中心', '', '2015-10-13 13:50:18', '0', '', '15101309PM1662'),
(233, '曾颖', '13802404624', '天河区', '广州市天河区马场路珠光新城商务中心', '', '2015-10-13 13:50:19', '0', '', '15101309PM1662'),
(234, '曾颖', '13802404624', '天河区', '广州市天河区马场路珠光新城商务中心', '', '2015-10-13 13:50:20', '0', '', '15101309PM1662'),
(235, '曾颖', '13802404624', '天河区', '广州市天河区马场路珠光新城商务中心', '', '2015-10-13 13:50:21', '0', '', '15101309PM1662'),
(236, '陈陶', '13902273188', '越秀区', '广州越秀水荫路空军大院', '妈妈60岁生日快乐', '2015-11-16 05:06:49', '376.00', '11月17日16:00', '15111601PM5581'),
(237, '', '', '', '', '', '2015-11-23 08:31:04', '0', '', '15111601PM5581'),
(238, '', '', '', '', '', '2015-11-26 07:45:34', '0', '', '15111601PM5581'),
(239, '', '', '', '', '', '2015-11-26 07:45:35', '0', '', '15111601PM5581'),
(240, '', '', '', '', '', '2015-11-26 07:45:36', '0', '', '15111601PM5581'),
(241, '', '', '', '', '', '2015-11-26 07:45:37', '0', '', '15111601PM5581),&quot;.&#039;[&quot;,],'),
(242, '', '', '', '', '', '2015-11-26 07:45:43', '0', '', '15111601PM5581'),
(243, '', '', '', '', '', '2015-11-26 07:45:45', '0', '', '15111601PM5581'),
(244, '', '', '', '', '', '2015-11-26 07:46:25', '0', '', '15111601PM5581'),
(245, '', '', '', '', '', '2015-11-26 07:46:37', '0', '', '15111601PM5581) UNION ALL SELECT CONCAT(0x646352645050,0x556a68485a45)#'),
(246, '', '', '', '', '', '2015-11-26 07:46:38', '0', '', '-1541) UNION ALL SELECT CONCAT(0x646352645050,0x556a68485a45)#'),
(247, '', '', '', '', '', '2015-11-26 07:46:40', '0', '', '15111601PM5581) UNION ALL SELECT CONCAT(0x646352645050,0x556a68485a45),CONCAT(0x646352645050,0x556a68485a45)#'),
(248, '', '', '', '', '', '2015-11-26 07:46:42', '0', '', '-1965) UNION ALL SELECT CONCAT(0x646352645050,0x556a68485a45),CONCAT(0x646352645050,0x556a68485a45)#'),
(249, '', '', '', '', '', '2015-11-26 07:46:43', '0', '', '15111601PM5581'),
(250, '', '', '', '', '', '2015-11-26 07:46:44', '0', '', '15111601PM5581) UNION ALL SELECT CONCAT(0x646352645050,0x556a68485a45),CONCAT(0x646352645050,0x556a68485a45),CONCAT(0x646352645050,0x556a68485a45)#'),
(251, '', '', '', '', '', '2015-11-26 07:46:46', '0', '', '-1685) UNION ALL SELECT CONCAT(0x646352645050,0x556a68485a45),CONCAT(0x646352645050,0x556a68485a45),CONCAT(0x646352645050,0x556a68485a45)#'),
(252, '', '', '', '', '', '2015-11-26 07:46:47', '0', '', '15111601PM5581) UNION ALL SELECT CONCAT(0x646352645050,0x556a68485a45),CONCAT(0x646352645050,0x556a68485a45),CONCAT(0x646352645050,0x556a68485a45),CONCAT(0x646352645050,0x556a68485a45)#'),
(253, '', '', '', '', '', '2015-11-26 07:46:48', '0', '', '-1372) UNION ALL SELECT CONCAT(0x646352645050,0x556a68485a45),CONCAT(0x646352645050,0x556a68485a45),CONCAT(0x646352645050,0x556a68485a45),CONCAT(0x646352645050,0x556a68485a45)#'),
(254, '', '', '', '', '', '2015-11-26 07:46:49', '0', '', '15111601PM5581) UNION ALL SELECT CONCAT(0x646352645050,0x556a68485a45),CONCAT(0x646352645050,0x556a68485a45),CONCAT(0x646352645050,0x556a68485a45),CONCAT(0x646352645050,0x556a68485a45),CONCAT(0x646352645050,0x556a68485a45)#'),
(255, '', '', '', '', '', '2015-11-26 07:46:51', '0', '', '-1189) UNION ALL SELECT CONCAT(0x646352645050,0x556a68485a45),CONCAT(0x646352645050,0x556a68485a45),CONCAT(0x646352645050,0x556a68485a45),CONCAT(0x646352645050,0x556a68485a45),CONCAT(0x646352645050,0x556a68485a45)#'),
(256, '', '', '', '', '', '2015-11-26 07:46:52', '0', '', '15111601PM5581) UNION ALL SELECT CONCAT(0x646352645050,0x556a68485a45),CONCAT(0x646352645050,0x556a68485a45),CONCAT(0x646352645050,0x556a68485a45),CONCAT(0x646352645050,0x556a68485a45),CONCAT(0x646352645050,0x556a68485a45),CONCAT(0x646352645050,0x556a684'),
(257, '', '', '', '', '', '2015-11-26 07:46:54', '0', '', '-1007) UNION ALL SELECT CONCAT(0x646352645050,0x556a68485a45),CONCAT(0x646352645050,0x556a68485a45),CONCAT(0x646352645050,0x556a68485a45),CONCAT(0x646352645050,0x556a68485a45),CONCAT(0x646352645050,0x556a68485a45),CONCAT(0x646352645050,0x556a68485a45)#'),
(258, '', '', '', '', '', '2015-11-26 07:46:55', '0', '', '15111601PM5581&#039;) UNION ALL SELECT CONCAT(0x646352645050,0x556a68485a45)#'),
(259, '', '', '', '', '', '2015-11-26 07:46:56', '0', '', '-1449&#039;) UNION ALL SELECT CONCAT(0x646352645050,0x556a68485a45)#'),
(260, '', '', '', '', '', '2015-11-26 07:46:57', '0', '', '15111601PM5581&#039;) UNION ALL SELECT CONCAT(0x646352645050,0x556a68485a45),CONCAT(0x646352645050,0x556a68485a45)#'),
(261, '', '', '', '', '', '2015-11-26 07:47:00', '0', '', '-1541&#039;) UNION ALL SELECT CONCAT(0x646352645050,0x556a68485a45),CONCAT(0x646352645050,0x556a68485a45)#'),
(262, '', '', '', '', '', '2015-11-26 07:47:01', '0', '', '15111601PM5581&#039;) UNION ALL SELECT CONCAT(0x646352645050,0x556a68485a45),CONCAT(0x646352645050,0x556a68485a45),CONCAT(0x646352645050,0x556a68485a45)#'),
(263, '', '', '', '', '', '2015-11-26 07:47:03', '0', '', '-1953&#039;) UNION ALL SELECT CONCAT(0x646352645050,0x556a68485a45),CONCAT(0x646352645050,0x556a68485a45),CONCAT(0x646352645050,0x556a68485a45)#'),
(264, '', '', '', '', '', '2015-11-26 07:47:04', '0', '', '15111601PM5581&#039;) UNION ALL SELECT CONCAT(0x646352645050,0x556a68485a45),CONCAT(0x646352645050,0x556a68485a45),CONCAT(0x646352645050,0x556a68485a45),CONCAT(0x646352645050,0x556a68485a45)#'),
(265, '', '', '', '', '', '2015-11-26 07:47:05', '0', '', '-1479&#039;) UNION ALL SELECT CONCAT(0x646352645050,0x556a68485a45),CONCAT(0x646352645050,0x556a68485a45),CONCAT(0x646352645050,0x556a68485a45),CONCAT(0x646352645050,0x556a68485a45)#'),
(266, '', '', '', '', '', '2015-11-26 07:47:07', '0', '', '15111601PM5581&#039;) UNION ALL SELECT CONCAT(0x646352645050,0x556a68485a45),CONCAT(0x646352645050,0x556a68485a45),CONCAT(0x646352645050,0x556a68485a45),CONCAT(0x646352645050,0x556a68485a45),CONCAT(0x646352645050,0x556a68485a45)#'),
(267, '', '', '', '', '', '2015-11-26 07:47:10', '0', '', '-1626&#039;) UNION ALL SELECT CONCAT(0x646352645050,0x556a68485a45),CONCAT(0x646352645050,0x556a68485a45),CONCAT(0x646352645050,0x556a68485a45),CONCAT(0x646352645050,0x556a68485a45),CONCAT(0x646352645050,0x556a68485a45)#'),
(268, '', '', '', '', '', '2015-11-26 07:47:11', '0', '', '15111601PM5581&#039;) UNION ALL SELECT CONCAT(0x646352645050,0x556a68485a45),CONCAT(0x646352645050,0x556a68485a45),CONCAT(0x646352645050,0x556a68485a45),CONCAT(0x646352645050,0x556a68485a45),CONCAT(0x646352645050,0x556a68485a45),CONCAT(0x646352645050,0x5'),
(269, '', '', '', '', '', '2015-11-26 07:47:13', '0', '', '-1953&#039;) UNION ALL SELECT CONCAT(0x646352645050,0x556a68485a45),CONCAT(0x646352645050,0x556a68485a45),CONCAT(0x646352645050,0x556a68485a45),CONCAT(0x646352645050,0x556a68485a45),CONCAT(0x646352645050,0x556a68485a45),CONCAT(0x646352645050,0x556a68485a'),
(270, '', '', '', '', '', '2015-11-26 07:47:14', '0', '', '15111601PM5581&#039; UNION ALL SELECT CONCAT(0x646352645050,0x556a68485a45)#'),
(271, '', '', '', '', '', '2015-11-26 07:47:17', '0', '', '-1944&#039; UNION ALL SELECT CONCAT(0x646352645050,0x556a68485a45)#'),
(272, '', '', '', '', '', '2015-11-26 07:47:18', '0', '', '15111601PM5581&#039; UNION ALL SELECT CONCAT(0x646352645050,0x556a68485a45),CONCAT(0x646352645050,0x556a68485a45)#'),
(273, '', '', '', '', '', '2015-11-26 07:47:20', '0', '', '-1103&#039; UNION ALL SELECT CONCAT(0x646352645050,0x556a68485a45),CONCAT(0x646352645050,0x556a68485a45)#'),
(274, '', '', '', '', '', '2015-11-26 07:47:22', '0', '', '15111601PM5581&#039; UNION ALL SELECT CONCAT(0x646352645050,0x556a68485a45),CONCAT(0x646352645050,0x556a68485a45),CONCAT(0x646352645050,0x556a68485a45)#'),
(275, '', '', '', '', '', '2015-11-26 07:47:23', '0', '', '-1862&#039; UNION ALL SELECT CONCAT(0x646352645050,0x556a68485a45),CONCAT(0x646352645050,0x556a68485a45),CONCAT(0x646352645050,0x556a68485a45)#'),
(276, '', '', '', '', '', '2015-11-26 07:47:24', '0', '', '15111601PM5581&#039; UNION ALL SELECT CONCAT(0x646352645050,0x556a68485a45),CONCAT(0x646352645050,0x556a68485a45),CONCAT(0x646352645050,0x556a68485a45),CONCAT(0x646352645050,0x556a68485a45)#'),
(277, '', '', '', '', '', '2015-11-26 07:47:25', '0', '', '-1796&#039; UNION ALL SELECT CONCAT(0x646352645050,0x556a68485a45),CONCAT(0x646352645050,0x556a68485a45),CONCAT(0x646352645050,0x556a68485a45),CONCAT(0x646352645050,0x556a68485a45)#'),
(278, '', '', '', '', '', '2015-11-26 07:47:28', '0', '', '15111601PM5581&#039; UNION ALL SELECT CONCAT(0x646352645050,0x556a68485a45),CONCAT(0x646352645050,0x556a68485a45),CONCAT(0x646352645050,0x556a68485a45),CONCAT(0x646352645050,0x556a68485a45),CONCAT(0x646352645050,0x556a68485a45)#'),
(279, '', '', '', '', '', '2015-11-26 07:47:29', '0', '', '-1904&#039; UNION ALL SELECT CONCAT(0x646352645050,0x556a68485a45),CONCAT(0x646352645050,0x556a68485a45),CONCAT(0x646352645050,0x556a68485a45),CONCAT(0x646352645050,0x556a68485a45),CONCAT(0x646352645050,0x556a68485a45)#'),
(280, '', '', '', '', '', '2015-11-26 07:47:30', '0', '', '15111601PM5581&#039; UNION ALL SELECT CONCAT(0x646352645050,0x556a68485a45),CONCAT(0x646352645050,0x556a68485a45),CONCAT(0x646352645050,0x556a68485a45),CONCAT(0x646352645050,0x556a68485a45),CONCAT(0x646352645050,0x556a68485a45),CONCAT(0x646352645050,0x55'),
(281, '', '', '', '', '', '2015-11-26 07:47:31', '0', '', '-1696&#039; UNION ALL SELECT CONCAT(0x646352645050,0x556a68485a45),CONCAT(0x646352645050,0x556a68485a45),CONCAT(0x646352645050,0x556a68485a45),CONCAT(0x646352645050,0x556a68485a45),CONCAT(0x646352645050,0x556a68485a45),CONCAT(0x646352645050,0x556a68485a4'),
(282, '', '', '', '', '', '2015-11-26 07:47:32', '0', '', '15111601PM5581%&#039; UNION ALL SELECT CONCAT(0x646352645050,0x556a68485a45)#'),
(283, '', '', '', '', '', '2015-11-26 07:47:33', '0', '', '-1975%&#039; UNION ALL SELECT CONCAT(0x646352645050,0x556a68485a45)#');

-- --------------------------------------------------------

--
-- 表的结构 `order_cake`
--

CREATE TABLE IF NOT EXISTS `order_cake` (
  `ID` int(11) NOT NULL AUTO_INCREMENT,
  `OrderID` varchar(45) DEFAULT NULL,
  `Order_Price` varchar(45) DEFAULT '0',
  `Quantity` varchar(254) DEFAULT '1',
  PRIMARY KEY (`ID`)
) ENGINE=InnoDB  DEFAULT CHARSET=utf8 AUTO_INCREMENT=280 ;

--
-- 转存表中的数据 `order_cake`
--

INSERT INTO `order_cake` (`ID`, `OrderID`, `Order_Price`, `Quantity`) VALUES
(186, '133', '188', '1'),
(187, '134', '198', '1'),
(188, '135', '188', '2'),
(189, '136', '188', '2'),
(190, '137', '188', '2'),
(191, '138', '188', '1'),
(192, '139', '188', '4'),
(193, '140', '188', '1'),
(194, '141', '198', '1'),
(195, '142', '188', '5'),
(196, '143', '188', '2'),
(197, '144', '198', '1'),
(198, '145', '188', '2'),
(199, '146', '188', '2'),
(200, '147', '188', '1'),
(201, '148', '188', '1'),
(202, '149', '198', '1'),
(203, '150', '188', '2'),
(204, '151', '188', '1'),
(205, '152', '188', '1'),
(206, '153', '188', '1'),
(207, '154', '188', '1'),
(208, '155', '188', '1'),
(209, '156', '188', '1'),
(210, '157', '188', '2'),
(211, '157', '188', '1'),
(212, '158', '188', '1'),
(213, '158', '188', '3'),
(214, '159', '188', '2'),
(215, '159', '188', '1'),
(216, '161', '188', '1'),
(217, '162', '188', '1'),
(218, '163', '188', '1'),
(219, '163', '188', '5'),
(220, '164', '188', '1'),
(221, '165', '198', '1'),
(222, '166', '188', '1'),
(223, '167', '188', '1'),
(224, '168', '188', '1'),
(225, '169', '188', '2'),
(226, '170', '188', '2'),
(227, '171', '198', '1'),
(228, '171', '188', '1'),
(229, '172', '188', '1'),
(230, '173', '188', '2'),
(231, '173', '198', '1'),
(232, '174', '188', '1'),
(233, '175', '188', '4'),
(234, '175', '188', '2'),
(235, '176', '188', '5'),
(236, '176', '188', '1'),
(237, '177', '188', '1'),
(238, '177', '188', '6'),
(239, '178', '188', '1'),
(240, '178', '188', '6'),
(241, '179', '188', '1'),
(242, '179', '188', '6'),
(243, '180', '188', '1'),
(244, '180', '188', '6'),
(245, '181', '188', '1'),
(246, '181', '188', '6'),
(247, '182', '188', '1'),
(248, '182', '188', '6'),
(249, '183', '188', '1'),
(250, '183', '188', '16'),
(251, '184', '188', '1'),
(252, '184', '188', '4'),
(253, '185', '188', '1'),
(254, '185', '188', '14'),
(255, '186', '198', '1'),
(256, '186', '188', '1'),
(257, '187', '188', '1'),
(258, '188', '188', '1'),
(259, '188', '188', '4'),
(260, '189', '188', '1'),
(261, '190', '188', '3'),
(262, '195', '188', '2'),
(263, '209', '188', '2'),
(264, '210', '188', '2'),
(265, '213', '188', '1'),
(266, '214', '198', '1'),
(267, '215', '198', '1'),
(268, '216', '188', '1'),
(269, '218', '188', '1'),
(270, '219', '188', '1'),
(271, '221', '188', '1'),
(272, '222', '188', '2'),
(273, '224', '188', '1'),
(274, '226', '188', '1'),
(275, '228', '188', '2'),
(276, '229', '188', '1'),
(277, '230', '188', '2'),
(278, '231', '188', '1'),
(279, '236', '198', '2');

-- --------------------------------------------------------

--
-- 表的结构 `picture`
--

CREATE TABLE IF NOT EXISTS `picture` (
  `ID` int(11) NOT NULL AUTO_INCREMENT,
  `Name` varchar(254) DEFAULT NULL,
  `ProductID` varchar(254) DEFAULT NULL,
  `Sort` varchar(254) DEFAULT '99999',
  PRIMARY KEY (`ID`)
) ENGINE=InnoDB  DEFAULT CHARSET=utf8 AUTO_INCREMENT=594 ;

--
-- 转存表中的数据 `picture`
--

INSERT INTO `picture` (`ID`, `Name`, `ProductID`, `Sort`) VALUES
(467, 'u150116041859616.jpg', '105', '99999'),
(468, 'u150116041859269.jpg', '105', '99999'),
(470, 'u150116044406795.jpg', '106', '99999'),
(472, 'u150116044406897.jpg', '106', '99999'),
(473, 'u150116045220749.jpg', '107', '99999'),
(474, 'u150116045220943.jpg', '107', '99999'),
(476, 'u150116045220245.jpg', '107', '99999'),
(478, 'u150116045220969.jpg', '107', '99999'),
(479, 'u150116051039587.jpg', '108', '99999'),
(480, 'u150116052648836.jpg', '108', '99999'),
(481, 'u150116052720592.jpg', '107', '99999'),
(482, 'u150116052737688.jpg', '106', '99999'),
(483, 'u150116052749181.jpg', '105', '99999'),
(484, 'u150117112122926.jpg', '109', '99999'),
(485, 'u15011711212296.jpg', '109', '99999'),
(486, 'u150117112122288.jpg', '109', '99999'),
(487, 'u150117112122764.jpg', '109', '99999'),
(488, 'u150117113148858.jpg', '110', '99999'),
(489, 'u150117113148547.jpg', '110', '99999'),
(490, 'u150117113148761.jpg', '110', '99999'),
(491, 'u150117113148185.jpg', '110', '99999'),
(492, 'u150117113416347.jpg', '111', '99999'),
(494, 'u150117113416410.jpg', '111', '99999'),
(495, 'u15011711341620.jpg', '111', '99999'),
(496, 'u150117113416210.jpg', '111', '99999'),
(498, 'u150117114455851.jpg', '112', '99999'),
(499, 'u15011711445512.jpg', '112', '99999'),
(500, 'u150117115910311.jpg', '113', '99999'),
(502, 'u150117115910417.jpg', '113', '99999'),
(503, 'u150117125836558.jpg', '114', '99999'),
(504, 'u150117125836206.jpg', '114', '99999'),
(505, 'u150117125836400.jpg', '114', '99999'),
(506, 'u150117125836343.jpg', '114', '99999'),
(507, 'u150117125836979.jpg', '114', '99999'),
(514, 'u150117031720819.jpg', '116', '99999'),
(515, 'u150117031720416.jpg', '116', '99999'),
(516, 'u150117031720723.jpg', '116', '99999'),
(518, 'u150117031721610.jpg', '116', '99999'),
(519, 'u150117031721793.jpg', '116', '99999'),
(520, 'u150117032336607.jpg', '117', '99999'),
(522, 'u15011703295818.jpg', '117', '99999'),
(524, 'u150117034102377.jpg', '117', '99999'),
(526, 'u150117035100546.jpg', '118', '1'),
(527, 'u150117035100669.jpg', '118', '99999'),
(528, 'u150117035100439.jpg', '118', '99999'),
(529, 'u150117035100439.jpg', '118', '99999'),
(530, 'u150117035100700.jpg', '118', '99999'),
(531, 'u150117035100430.jpg', '118', '99999'),
(532, 'u150117075139568.jpg', '106', '99999'),
(536, 'u150117081525648.jpg', '111', '99999'),
(543, 'u15011708463213.jpg', '117', '99999'),
(550, 'u150117090321851.jpg', '108', '99999'),
(553, 'u150117091606102.jpg', '117', '99999'),
(555, 'u150117104038363.jpg', '106', '99999'),
(559, 'u150117112558611.jpg', '117', '1'),
(561, 'u150117113727967.jpg', '116', '1'),
(562, 'u150117114108631.jpg', '115', '1'),
(564, 'u1501171143336.jpg', '114', '1'),
(565, 'u150117114529342.jpg', '113', '1'),
(566, 'u150117114942221.jpg', '112', '1'),
(567, 'u150117115206734.jpg', '111', '1'),
(568, 'u150117115749181.jpg', '110', '1'),
(569, 'u150118120016917.jpg', '109', '1'),
(570, 'u150118120355986.jpg', '108', '1'),
(571, 'u150118120910343.jpg', '107', '1'),
(572, 'u15011812205238.jpg', '106', '1'),
(573, 'u150118122302169.jpg', '105', '1'),
(575, 'u150118104944219.jpg', '119', '1'),
(576, 'u15011810530033.jpg', '119', '99999'),
(579, 'u150118110101871.jpg', '119', '99999'),
(580, 'u150118110101135.jpg', '119', '99999'),
(581, 'u150118110101546.jpg', '119', '99999'),
(582, 'u150118110101866.jpg', '119', '99999'),
(583, 'u150118110721311.jpg', '115', '99999'),
(584, 'u150118110721417.jpg', '115', '99999'),
(585, 'u150118110721878.jpg', '115', '99999'),
(586, 'u150118110721635.jpg', '115', '99999'),
(587, 'u150118025615389.jpg', '112', '99999'),
(589, 'u150119021634837.jpg', '120', '99999'),
(590, 'u150119021634713.jpg', '120', '99999'),
(591, 'u150119021634758.jpg', '120', '99999'),
(592, 'u150119021634267.jpg', '120', '99999'),
(593, 'u150119022007386.jpg', '120', '1');

-- --------------------------------------------------------

--
-- 表的结构 `ser_phone`
--

CREATE TABLE IF NOT EXISTS `ser_phone` (
  `Id` int(11) NOT NULL AUTO_INCREMENT,
  `phoneNum` varchar(255) DEFAULT NULL COMMENT '电话号码',
  `dis` varchar(1) DEFAULT '1' COMMENT '是否在前台显示',
  `type` varchar(2) DEFAULT '' COMMENT '号码类型（固话，手机）',
  PRIMARY KEY (`Id`)
) ENGINE=InnoDB  DEFAULT CHARSET=utf8 COMMENT='客服电话' AUTO_INCREMENT=5 ;

--
-- 转存表中的数据 `ser_phone`
--

INSERT INTO `ser_phone` (`Id`, `phoneNum`, `dis`, `type`) VALUES
(1, '020-82054272', '1', '0'),
(2, '13580531625', '1', '1'),
(3, '4008828213', '1', '1'),
(4, '12345678915', '0', '1');

-- --------------------------------------------------------

--
-- 表的结构 `stop_cake`
--

CREATE TABLE IF NOT EXISTS `stop_cake` (
  `ID` int(11) NOT NULL AUTO_INCREMENT,
  `Name` varchar(254) DEFAULT NULL,
  `OneClass` varchar(254) DEFAULT NULL,
  `TwoClass` varchar(254) DEFAULT NULL,
  `Price` varchar(254) DEFAULT NULL,
  `PromotionPrice` varchar(254) DEFAULT NULL,
  `Details` varchar(254) DEFAULT NULL,
  `Promotion` varchar(254) DEFAULT NULL,
  `Hot` varchar(254) DEFAULT NULL,
  `UpdateTime` timestamp NULL DEFAULT CURRENT_TIMESTAMP ON UPDATE CURRENT_TIMESTAMP,
  `Number` varchar(45) DEFAULT NULL,
  `Order` text,
  `Ordershow` varchar(10) DEFAULT NULL,
  PRIMARY KEY (`ID`)
) ENGINE=InnoDB DEFAULT CHARSET=utf8 AUTO_INCREMENT=1 ;

-- --------------------------------------------------------

--
-- 表的结构 `temp_remarks`
--

CREATE TABLE IF NOT EXISTS `temp_remarks` (
  `ID` int(11) NOT NULL AUTO_INCREMENT,
  `Remarks` text,
  `UserID` varchar(254) DEFAULT NULL,
  `UpdateTime` timestamp NULL DEFAULT CURRENT_TIMESTAMP ON UPDATE CURRENT_TIMESTAMP,
  `temp_Price` varchar(254) DEFAULT '0',
  PRIMARY KEY (`ID`)
) ENGINE=InnoDB  DEFAULT CHARSET=utf8 AUTO_INCREMENT=217 ;

--
-- 转存表中的数据 `temp_remarks`
--

INSERT INTO `temp_remarks` (`ID`, `Remarks`, `UserID`, `UpdateTime`, `temp_Price`) VALUES
(93, '', 'a7dbca7892ea3b4fc57a68a1f1480fea1421409788', '2015-01-16 12:06:24', '474.00'),
(94, '', 'fd744cb31afefd2bd1d31dc1b816fe961421416644', '2015-01-16 14:01:47', '316.00'),
(96, '', 'c3fa56278d6d1ccd4eb2b80d37cfd3d91421371650', '2015-01-17 09:19:30', '168.00'),
(97, '', '95467cc062b2dc2ed0e03a6f43afb9ac1421487605', '2015-01-17 09:41:40', '168.00'),
(98, '', '6dcd7060c386e49fef4e383dc2d9aaed1421504851', '2015-01-17 14:28:32', '188.00'),
(103, '', '3a5920f37415a65151c072445fd4e7a51421755538', '2015-01-20 12:06:43', '198.00'),
(106, '', 'fc832a688742c6f1c34a1a82d36da90e1421503037', '2015-01-25 11:38:18', '534.00'),
(108, '', 'e82c0a849b1023c274693f2da91209951422189396', '2015-02-02 08:55:51', '198.00'),
(109, '', '0af226d5c3168b7a7c79b6c1d0db0f901422348508', '2015-01-27 08:50:10', '564.00'),
(110, '', '7868bf5b6fe194f3b39a64b65fcdd3ef1422352122', '2015-01-27 09:49:07', '188.00'),
(112, '', 'b68adfe91452bc1c01796702885342a21422372836', '2015-01-27 15:34:16', '188.00'),
(113, '', 'fcb77f9412554bd1b43ec902e97242b01422425575', '2015-01-28 06:14:14', '188.00'),
(114, '', 'a0fde976741d4015673fda5516e19c571422733065', '2015-01-31 19:39:27', '188.00'),
(116, '', 'b06507e2b810bf63fbf08135c43b4e7b1422863989', '2015-02-02 08:53:35', '198.00'),
(117, '', 'ec810c0a1b41bb1f310ab1004c0b47db1422935477', '2015-02-03 03:52:29', '188.00'),
(118, '', '122635c3f62a01877b199da4e3e33fda1422321400', '2015-02-03 08:23:50', '188.00'),
(121, '', 'a6e8235e3883bf7df73ada499b2fe7f11422863787', '2015-02-09 19:41:15', '188.00'),
(122, '', '67ba1daf6c61e337444a04592b210b891423530634', '2015-02-11 03:43:56', '188.00'),
(123, '个个都开开心心！！', 'feb75a0160084bf5ec75a0af264af0531423494822', '2015-02-13 06:18:41', '198.00'),
(131, '成熟发表', 'd95020659ab68508199a81fae67ef1021421577686', '2015-02-21 14:17:29', '188.00'),
(134, '', '83fce664bd122d8dc54dae49e5c8432d1426222656', '2015-03-13 04:57:53', '534.00'),
(152, '', 'e7c582fbf252af91d2ce1fe0e3b467751427277089', '2015-03-25 10:30:49', '188.00'),
(154, '', 'eda30efd6fe962d775170202aab0476e1427276591', '2015-03-25 10:37:13', '188.00'),
(156, '', 'b4a3672aadec1eeca8223f61f0ebcd301425528010', '2015-03-26 01:39:47', '356.00'),
(158, '', '0a6e6d59d32bc6eac3d733a3e5e509e61422081794', '2015-03-26 01:58:24', '188.00'),
(159, '', '3a3aa740e753714c75954e846435eb7f1427334463', '2015-03-26 01:50:31', '188.00'),
(160, '', '5cf8f5d6b7108adb2a1e98c42f92a1491426848636', '2015-03-26 01:58:22', '188.00'),
(161, '生日快乐！股神', '052b2099b29717d790b7bf4498a9826f1427682818', '2015-03-31 05:13:44', '198.00'),
(162, '生日蛋糕，请帮忙插个牌，准备蜡烛，谢谢！', '60ef9a162c05ffe3b2886bfb6e6e44981427720069', '2015-03-30 12:57:24', '198.00'),
(178, '', '595c863c491a5f2f0c18a8f7b6f9a8ad1428129618', '2015-04-04 06:46:34', '198.00'),
(179, '', 'c2823a645c6d164630d879dc98b2f7ab1421404957', '2015-04-04 12:53:21', '188.00'),
(181, '', '238491be6c4c90337de0792875f580a81428902907', '2015-04-13 05:34:00', '198.00'),
(184, '', '4c2e28867d39236197855fc1877d08b41429877772', '2015-04-24 12:16:55', '188.00'),
(186, '', '142b5e9ff44ba1f006aade649bf4242e1429930797', '2015-04-25 03:04:08', '188.00'),
(187, '', 'f0691ed6e4fd88de564cd21f21b8c5151430012310', '2015-05-05 14:39:23', '0.00'),
(189, '', '3525b1a8177e97f91ba912ecffa60ddc1431257553', '2015-05-10 11:34:39', '188.00'),
(192, '', 'd6514551c37c5304b8bb009df972ac841433488001', '2015-06-05 07:06:48', '188.00'),
(193, '', 'b7003d1e663a76b04b8db534ee1ab6be1433773955', '2015-06-08 14:32:46', '188.00'),
(195, '', 'ff509789a331f8a621f5138c86cc62751434204917', '2015-06-13 15:46:11', '188.00'),
(197, '匿', '64a6c54ae77ff636a7f7193fa31312631430796114', '2015-06-22 16:58:44', '188.00'),
(199, '', '969eb1c1cbc118c191fd91bb60dd49b91435984906', '2015-07-04 04:42:37', '544.00'),
(200, '', '5974dacc96b0f099c8520f49a026c7321435984903', '2015-07-15 07:36:21', '376.00'),
(201, '', '9d39446593f1ffd5a19f324f01640b321436007890', '2015-07-04 11:07:07', '386.00'),
(202, '', 'd8e6512ffc51f398c2195bf7adc031b01436064681', '2015-07-05 02:51:45', '188.00'),
(204, '', '0a0fb5ec151ccc5ad2a334c70ac379721439359388', '2015-08-12 06:03:30', '188.00'),
(207, '', '49da74afd7b08e04fdb75680492bb1fb1439439040', '2015-08-13 04:23:48', '188.00'),
(209, '', '60823e7b4e86227d0e0022b7065ae1201439520958', '2015-08-14 08:28:06', '188.00'),
(210, '', '07ca0ff89c58d364f8bcf56c774a38001442819372', '2015-09-21 07:09:47', '188.00'),
(214, '', '148f37f9bc9b8827df43320c2923089f1445391128', '2015-10-21 01:32:19', '188.00'),
(215, '', '14a5b87d6879fce1be359263410935061446532325', '2015-11-03 06:36:40', '188.00');

-- --------------------------------------------------------

--
-- 表的结构 `temp_usrinfo`
--

CREATE TABLE IF NOT EXISTS `temp_usrinfo` (
  `Id` int(11) NOT NULL AUTO_INCREMENT,
  `UserID` varchar(255) DEFAULT NULL,
  `Name` varchar(255) DEFAULT NULL,
  `Phone` varchar(255) DEFAULT NULL,
  `City` varchar(255) DEFAULT NULL,
  `Address` varchar(255) DEFAULT NULL,
  `SelfGet` varchar(255) NOT NULL DEFAULT '0',
  `HasFreight` varchar(255) NOT NULL DEFAULT '1',
  `Shop` varchar(255) DEFAULT NULL,
  `DateTime` varchar(255) NOT NULL,
  PRIMARY KEY (`Id`)
) ENGINE=InnoDB  DEFAULT CHARSET=utf8 AUTO_INCREMENT=108 ;

--
-- 转存表中的数据 `temp_usrinfo`
--

INSERT INTO `temp_usrinfo` (`Id`, `UserID`, `Name`, `Phone`, `City`, `Address`, `SelfGet`, `HasFreight`, `Shop`, `DateTime`) VALUES
(32, 'a7dbca7892ea3b4fc57a68a1f1480fea1421409788', NULL, NULL, '越秀区', NULL, '0', '0', '--', '月日'),
(33, 'fd744cb31afefd2bd1d31dc1b816fe961421416644', NULL, NULL, '白云区', NULL, '0', '0', '--', '月日'),
(34, 'bfc7917afac4674b8fdd78724833f5cc1421453564', '现在还', '11111111111', '越秀区', '15522555', '0', '0', '--', ''),
(35, 'c3fa56278d6d1ccd4eb2b80d37cfd3d91421371650', NULL, NULL, '--', NULL, '0', '1', '--', '月日'),
(36, '95467cc062b2dc2ed0e03a6f43afb9ac1421487605', NULL, NULL, '--', NULL, '1', '0', '机场西店', '月日'),
(37, '6dcd7060c386e49fef4e383dc2d9aaed1421504851', NULL, NULL, '--', NULL, '0', '0', '--', '月日'),
(38, 'd95020659ab68508199a81fae67ef1021421577686', '不说的', '1234567890', '天河区', '火星', '0', '0', '--', '月日'),
(39, 'c2823a645c6d164630d879dc98b2f7ab1421404957', '2', '4586', '海珠区', '流量监控', '1', '0', '东莞庄店', '月日'),
(40, '3a5920f37415a65151c072445fd4e7a51421755538', NULL, NULL, '--', NULL, '0', '0', '--', '月日'),
(41, 'b63e16f1d38456c97fdf2c5a99d3f1da1421463299', 'rex', '1221', '天河区', 'sh ha h s j j s', '0', '0', '--', ''),
(42, 'fc832a688742c6f1c34a1a82d36da90e1421503037', 'y y', '255', '--', 'gu h g g', '1', '0', '机场西店', '月日'),
(43, 'e82c0a849b1023c274693f2da91209951422189396', NULL, NULL, '天河区', NULL, '0', '0', '--', '月日'),
(44, '0af226d5c3168b7a7c79b6c1d0db0f901422348508', 'de', '66669', '海珠区', 'aljkj', '0', '0', '--', '6月日'),
(45, '7868bf5b6fe194f3b39a64b65fcdd3ef1422352122', NULL, NULL, '天河区', NULL, '0', '0', '--', '月日'),
(46, '6ac8512f4247eb2c2460f1e4b1b705031422351974', '黄包子', '13288094701', '白云区', '白云区龙归园夏大道东b2号姜浩张超画室', '0', '0', '--', ''),
(47, 'b68adfe91452bc1c01796702885342a21422372836', NULL, NULL, '海珠区', NULL, '0', '0', '--', '月日'),
(48, 'fcb77f9412554bd1b43ec902e97242b01422425575', NULL, NULL, '--', NULL, '0', '0', '--', '月日'),
(49, 'a0fde976741d4015673fda5516e19c571422733065', NULL, NULL, '--', NULL, '0', '0', '--', '月日'),
(50, 'fb9f0119a457db3ea02597c49cd005581422860879', 'dsf', 'asd', '越秀区', 'df', '0', '0', '--', ''),
(51, 'b06507e2b810bf63fbf08135c43b4e7b1422863989', NULL, NULL, '越秀区', NULL, '0', '0', '--', '月日'),
(52, 'ec810c0a1b41bb1f310ab1004c0b47db1422935477', 'qq163.com', NULL, '天河区', NULL, '0', '0', '--', '月日'),
(53, '122635c3f62a01877b199da4e3e33fda1422321400', NULL, NULL, '--', NULL, '1', '0', '--', '月日'),
(54, '0a6e6d59d32bc6eac3d733a3e5e509e61422081794', '测试', '肾6', '黄埔区', '111', '0', '0', '东区店', '555月558日88'),
(55, 'df4485120ae34253fd94d2f85cd6b2581423236844', 'gg', '23885', '海珠区', 'g h h b', '0', '1', '--', ''),
(56, 'a6e8235e3883bf7df73ada499b2fe7f11422863787', NULL, NULL, '--', NULL, '0', '0', '--', '月日'),
(57, '67ba1daf6c61e337444a04592b210b891423530634', NULL, NULL, '--', NULL, '0', '0', '--', '月日'),
(58, 'feb75a0160084bf5ec75a0af264af0531423494822', NULL, NULL, '白云区', NULL, '0', '0', '--', '月日'),
(59, '44dff7b13a65dcc6f4c0317b5c75ceb11421395509', '没', '有', '海珠区', '哦', '0', '0', '--', ''),
(60, '95ab99dfe5415bf39d7cfa490abf64dc1423814941', '邓小姐', '18666623883', '白云区', '广园中路景泰西三巷26号302房', '0', '0', '--', ''),
(61, 'd686fc2c32f0e623747bc79b43f450f21424066319', 'Rex', '13925811101', '天河区', '工厂拿\n', '1', '0', '滨江东店', ''),
(62, 'b29aa72bded47307a13269b318bcfb6f1424479440', 'r', '155845666', '--', NULL, '1', '0', '执信店', ''),
(63, 'f2234be234c1597972c17815e5e4dd411424924498', 'vcx', 'vxvx', '黄埔区', 'vxvxcv', '0', '0', '--', ''),
(64, '154647d2f2f4600b0d0bed0f137c3e511425371778', '是', '不然', '天河区', '5225\n', '0', '0', '军医大店', ''),
(65, '83fce664bd122d8dc54dae49e5c8432d1426222656', NULL, NULL, '--', NULL, '0', '0', '--', '月日'),
(66, 'ee8dab2f13fb5c3b46316bdb0b6438961426243519', '项', '18320176509', '白云区', '白云区富力桃园E6-1003', '0', '0', '富力城店', ''),
(67, '31104321bbe83a35e10960981634b9201427190598', '刘小姐', '18620285711', '海珠区', '测试支付', '1', '0', '执信店', ''),
(68, 'eda30efd6fe962d775170202aab0476e1427276591', 'hi', '12365847663', '天河区', 'dgg', '0', '0', '--', '月日'),
(69, 'e7c582fbf252af91d2ce1fe0e3b467751427277089', 'gg', '12563985456', '海珠区', 'Test', '0', '0', '机场西店', '6月2日57'),
(70, 'b4a3672aadec1eeca8223f61f0ebcd301425528010', 'bj', '2255', '海珠区', 'g ji', '0', '0', '--', '5月5日g h'),
(71, '3a3aa740e753714c75954e846435eb7f1427334463', 'gdfgd', 'dfgdg', '海珠区', 'dgdfg', '0', '0', '--', 'gdf月gfd日gd'),
(72, '5cf8f5d6b7108adb2a1e98c42f92a1491426848636', '陈文榕', '18922111189', '黄埔区', '黄埔区大沙地28号', '0', '0', '--', '3月28日18'),
(73, '052b2099b29717d790b7bf4498a9826f1427682818', '徐小姐', '13822226690', '天河区', '越秀区建设大马路省委党校', '0', '0', '--', '3月31日21:00'),
(74, '60ef9a162c05ffe3b2886bfb6e6e44981427720069', '冯先生', '13922342525', '越秀区', '越秀区建设大马路省委党校', '0', '0', '--', '3月31日21点'),
(75, '595c863c491a5f2f0c18a8f7b6f9a8ad1428129618', NULL, NULL, '--', NULL, '0', '0', '--', '月日'),
(76, '6b76b6d7d599818c8837f9d3290a60141427763137', 'wwe', 'wer', '白云区', 'wer', '0', '0', '--', ''),
(77, '238491be6c4c90337de0792875f580a81428902907', NULL, NULL, '黄埔区', NULL, '0', '0', '--', '月日'),
(78, '55f8a99e66d4e4efb5cfb0e581130cf41429775227', '钟诗颖', '13602485432', '天河区', '天河区五山华工东二集十六对面玻璃屋', '0', '0', '--', ''),
(79, '4c2e28867d39236197855fc1877d08b41429877772', '吴彬', '18688889350', '白云区', '广州大道北云裳丽影4A1905房', '0', '0', '--', '4月25日12'),
(80, '578e9c8c94bd4171187da4e8310492051429885072', '古雅卉', '18620108847', '天河区', ' 广州市天河北金田花园金适翠居2403房', '0', '0', '--', ''),
(81, '142b5e9ff44ba1f006aade649bf4242e1429930797', NULL, NULL, '--', NULL, '0', '0', '--', '月日'),
(82, 'f0691ed6e4fd88de564cd21f21b8c5151430012310', NULL, NULL, '白云区', NULL, '0', '1', '--', '月日'),
(83, '861057ae3fee83d30c1e3733ef887a9a1430798584', '陈锦棠', '15088050942', '天河区', '五山华南理工大学东二集16栋对面玻璃屋', '0', '0', '--', ''),
(84, '3525b1a8177e97f91ba912ecffa60ddc1431257553', NULL, NULL, '--', NULL, '0', '0', '--', '月日'),
(85, 'e278bd4f9f8afad167974b7323be0dc81432622832', '李小姐', '18620474055', '天河区', '广州天河区兴盛路3号隽峰苑A8 2504房 ', '0', '0', '--', ''),
(86, '9a2d943606b0c1e41c9aaead2cce50d81433140476', '杨', '18620285711', '--', NULL, '1', '0', '华师店', ''),
(87, 'd6514551c37c5304b8bb009df972ac841433488001', NULL, NULL, '--', NULL, '0', '0', '--', '月日'),
(88, 'b7003d1e663a76b04b8db534ee1ab6be1433773955', NULL, NULL, '--', NULL, '0', '0', '--', '月日'),
(89, 'ff509789a331f8a621f5138c86cc62751434204917', NULL, NULL, '天河区', NULL, '0', '0', '--', '月日'),
(90, '64a6c54ae77ff636a7f7193fa31312631430796114', '骗你的', '23333333', '白云区', NULL, '1', '0', '机场西店', '月日'),
(91, 'd9de9cdc4b737c5ebb5e948f8ead5fcb1435503351', '葛小姐', '13538988834', '天河区', '待定', '0', '0', '--', ''),
(92, '969eb1c1cbc118c191fd91bb60dd49b91435984906', NULL, NULL, '--', NULL, '0', '0', '--', '月日'),
(93, '5974dacc96b0f099c8520f49a026c7321435984903', '陈晓丹', '13042044011', '越秀区', '解决方案', '0', '0', '--', '7月16日12'),
(94, '9d39446593f1ffd5a19f324f01640b321436007890', 'aa', '11', '--', NULL, '0', '0', '--', '2月3日'),
(95, 'd8e6512ffc51f398c2195bf7adc031b01436064681', 'g h', '05', '海珠区', 'h h', '0', '0', '--', '2月5日g g'),
(96, '170cd27dcc37509458d6e9026da4aa271439278780', '王仁惠', '15013198795', '天河区', '天河北路183号大都会广场38楼', '0', '0', '--', ''),
(97, '0a0fb5ec151ccc5ad2a334c70ac379721439359388', '容易', '18520789589', '--', NULL, '1', '0', '东莞庄店', '8月20日12'),
(98, '4857af3e664234b0fa81ab58bb7d3d761439437921', '黄凯健', '13660231111', '越秀区', '越秀北路223号', '0', '0', '--', '月日'),
(99, '49da74afd7b08e04fdb75680492bb1fb1439439040', 'dd', 'dd', '黄埔区', 'dd', '0', '0', '--', 'tr月t日t'),
(100, '60823e7b4e86227d0e0022b7065ae1201439520958', NULL, NULL, '--', NULL, '0', '0', '--', '月日'),
(101, '07ca0ff89c58d364f8bcf56c774a38001442819372', NULL, NULL, '--', NULL, '0', '0', '--', '月日'),
(102, '8c27f5ea424bcf201c29ef328e30c3bc1443530830', '黄琼玲', '13544359319', '白云区', '广州市白云区乐嘉路乐淘街金迪城市花园金汇阁1509室', '0', '0', '机场西店', ''),
(103, '1ad34447cd32ca591feee785b765ab6f1443580516', '程昕', '18998361812', '天河区', '护林路珠村牌坊对面，翠屏富通雅苑', '0', '0', '--', ''),
(104, 'f447e69953ef56c4ee3d8b9b50be9e511444743885', '曾颖', '13802404624', '天河区', '广州市天河区马场路珠光新城商务中心', '0', '0', '--', ''),
(105, '148f37f9bc9b8827df43320c2923089f1445391128', '许小姐', '18988912216', '越秀区', '越秀区北京路书院街10号', '0', '0', '--', '10月21日3:00'),
(106, '14a5b87d6879fce1be359263410935061446532325', NULL, NULL, '黄埔区', NULL, '0', '0', '--', '月日'),
(107, 'dd03d4f58263d838fd915e5d3ed383341447650195', '陈陶', '13902273188', '越秀区', '广州越秀水荫路空军大院', '0', '0', '--', '');

/*!40101 SET CHARACTER_SET_CLIENT=@OLD_CHARACTER_SET_CLIENT */;
/*!40101 SET CHARACTER_SET_RESULTS=@OLD_CHARACTER_SET_RESULTS */;
/*!40101 SET COLLATION_CONNECTION=@OLD_COLLATION_CONNECTION */;
